scope,model,reference,reduction_percent,ci_low,ci_high,n_greenhouses,greenhouses_model_lower
all,BiTFI-TimesFM3,TimesFM3.0-COV-SPA-single-call,16.838523168035703,11.835965632098723,23.075744774468095,10,10
all,TimesFM3.0-COV-SPA-single-call,TimesFM3.0-COV-SPA,0.13430432106680268,0.02965169506362081,0.25230723091580637,10,8
all,BiTFI-TimesFM3,TimesFM3.0-COV-SPA,16.950212624884,11.929083934740191,23.162160801061418,10,10
168h,BiTFI-TimesFM3,TimesFM3.0-COV-SPA-single-call,17.475877474430213,11.64754448514671,24.51229513811889,10,10
168h,TimesFM3.0-COV-SPA-single-call,TimesFM3.0-COV-SPA,0.21042418292996912,0.04607841396489843,0.4014889839378641,10,8
168h,BiTFI-TimesFM3,TimesFM3.0-COV-SPA,17.649528184974773,11.804768702773938,24.634972186694338,10,10
up_to_72h,BiTFI-TimesFM3,TimesFM3.0-COV-SPA-single-call,15.639381667748353,11.684607993768791,20.62074219224642,10,10
up_to_72h,TimesFM3.0-COV-SPA-single-call,TimesFM3.0-COV-SPA,1.3341133309197062e-06,-1.1298512308521858e-05,1.1669290986837663e-05,10,6
up_to_72h,BiTFI-TimesFM3,TimesFM3.0-COV-SPA,15.639382793214606,11.684611506922849,20.620739092653885,10,10
