model,greenhouse,NMAE,scope
BiTFI-TimesFM3,PF_0000574_01,0.0243444705400982,all
BiTFI-TimesFM3,PF_0001396_01,0.02787154991816694,all
BiTFI-TimesFM3,PF_0002529_01,0.03289059492635024,all
BiTFI-TimesFM3,PF_0010077_01,0.04128419312602291,all
BiTFI-TimesFM3,PF_0022097_01,0.027890374140752863,all
BiTFI-TimesFM3,PF_0024693_01,0.024584525695581016,all
BiTFI-TimesFM3,PF_0025100_01,0.04480796448087432,all
BiTFI-TimesFM3,PF_0025101_01,0.054557193453355156,all
BiTFI-TimesFM3,PF_0025102_01,0.04007633118691263,all
BiTFI-TimesFM3,PF_0025103_01,0.02765845302782324,all
TimesFM3.0-COV-SPA,PF_0000574_01,0.02933476873977087,all
TimesFM3.0-COV-SPA,PF_0001396_01,0.03310655941080197,all
TimesFM3.0-COV-SPA,PF_0002529_01,0.038415241407528646,all
TimesFM3.0-COV-SPA,PF_0010077_01,0.04753354828150573,all
TimesFM3.0-COV-SPA,PF_0022097_01,0.033186603927986905,all
TimesFM3.0-COV-SPA,PF_0024693_01,0.031889352700491,all
TimesFM3.0-COV-SPA,PF_0025100_01,0.048882172131147546,all
TimesFM3.0-COV-SPA,PF_0025101_01,0.05921159018003273,all
TimesFM3.0-COV-SPA,PF_0025102_01,0.06011515941524539,all
TimesFM3.0-COV-SPA,PF_0025103_01,0.03490120638297872,all
TimesFM3.0-COV-SPA-single-call,PF_0000574_01,0.029297057119476267,all
TimesFM3.0-COV-SPA-single-call,PF_0001396_01,0.03303092847790507,all
TimesFM3.0-COV-SPA-single-call,PF_0002529_01,0.03824506857610475,all
TimesFM3.0-COV-SPA-single-call,PF_0010077_01,0.04740373731587561,all
TimesFM3.0-COV-SPA-single-call,PF_0022097_01,0.033084163502454994,all
TimesFM3.0-COV-SPA-single-call,PF_0024693_01,0.03187726350245499,all
TimesFM3.0-COV-SPA-single-call,PF_0025100_01,0.04884891803278688,all
TimesFM3.0-COV-SPA-single-call,PF_0025101_01,0.05928124762684124,all
TimesFM3.0-COV-SPA-single-call,PF_0025102_01,0.06012390863209189,all
TimesFM3.0-COV-SPA-single-call,PF_0025103_01,0.03482442995090017,all
BiTFI-TimesFM3,PF_0000574_01,0.025433946153846154,168h
BiTFI-TimesFM3,PF_0001396_01,0.028808884615384618,168h
BiTFI-TimesFM3,PF_0002529_01,0.03401885384615384,168h
BiTFI-TimesFM3,PF_0010077_01,0.04381053076923077,168h
BiTFI-TimesFM3,PF_0022097_01,0.028062415384615385,168h
BiTFI-TimesFM3,PF_0024693_01,0.02661809230769231,168h
BiTFI-TimesFM3,PF_0025100_01,0.04856421153846154,168h
BiTFI-TimesFM3,PF_0025101_01,0.06265775384615385,168h
BiTFI-TimesFM3,PF_0025102_01,0.044638495726495725,168h
BiTFI-TimesFM3,PF_0025103_01,0.028983861538461535,168h
TimesFM3.0-COV-SPA,PF_0000574_01,0.030990307692307692,168h
TimesFM3.0-COV-SPA,PF_0001396_01,0.03459257692307693,168h
TimesFM3.0-COV-SPA,PF_0002529_01,0.0397754,168h
TimesFM3.0-COV-SPA,PF_0010077_01,0.05143786153846154,168h
TimesFM3.0-COV-SPA,PF_0022097_01,0.03431186153846154,168h
TimesFM3.0-COV-SPA,PF_0024693_01,0.035166530769230764,168h
TimesFM3.0-COV-SPA,PF_0025100_01,0.05196050000000001,168h
TimesFM3.0-COV-SPA,PF_0025101_01,0.06765363846153846,168h
TimesFM3.0-COV-SPA,PF_0025102_01,0.0689101452991453,168h
TimesFM3.0-COV-SPA,PF_0025103_01,0.03643969230769231,168h
TimesFM3.0-COV-SPA-single-call,PF_0000574_01,0.030927000000000003,168h
TimesFM3.0-COV-SPA-single-call,PF_0001396_01,0.034465630769230766,168h
TimesFM3.0-COV-SPA-single-call,PF_0002529_01,0.039489753846153844,168h
TimesFM3.0-COV-SPA-single-call,PF_0010077_01,0.05121996923076923,168h
TimesFM3.0-COV-SPA-single-call,PF_0022097_01,0.0341399,168h
TimesFM3.0-COV-SPA-single-call,PF_0024693_01,0.035146238461538463,168h
TimesFM3.0-COV-SPA-single-call,PF_0025100_01,0.05189363461538461,168h
TimesFM3.0-COV-SPA-single-call,PF_0025101_01,0.06777056153846153,168h
TimesFM3.0-COV-SPA-single-call,PF_0025102_01,0.06892549572649573,168h
TimesFM3.0-COV-SPA-single-call,PF_0025103_01,0.036310815384615384,168h
BiTFI-TimesFM3,PF_0000574_01,0.022738927530364373,up_to_72h
BiTFI-TimesFM3,PF_0001396_01,0.026490214574898786,up_to_72h
BiTFI-TimesFM3,PF_0002529_01,0.0312278975708502,up_to_72h
BiTFI-TimesFM3,PF_0010077_01,0.03756116923076923,up_to_72h
BiTFI-TimesFM3,PF_0022097_01,0.02763683967611336,up_to_72h
BiTFI-TimesFM3,PF_0024693_01,0.02158769068825911,up_to_72h
BiTFI-TimesFM3,PF_0025100_01,0.041092546195652176,up_to_72h
BiTFI-TimesFM3,PF_0025101_01,0.04261952550607287,up_to_72h
BiTFI-TimesFM3,PF_0025102_01,0.03402546032388664,up_to_72h
BiTFI-TimesFM3,PF_0025103_01,0.02570521943319838,up_to_72h
TimesFM3.0-COV-SPA,PF_0000574_01,0.026895027125506073,up_to_72h
TimesFM3.0-COV-SPA,PF_0001396_01,0.030916638866396763,up_to_72h
TimesFM3.0-COV-SPA,PF_0002529_01,0.0364107971659919,up_to_72h
TimesFM3.0-COV-SPA,PF_0010077_01,0.04177982348178137,up_to_72h
TimesFM3.0-COV-SPA,PF_0022097_01,0.03152832955465587,up_to_72h
TimesFM3.0-COV-SPA,PF_0024693_01,0.027059827125506072,up_to_72h
TimesFM3.0-COV-SPA,PF_0025100_01,0.04583730434782609,up_to_72h
TimesFM3.0-COV-SPA,PF_0025101_01,0.046770676923076925,up_to_72h
TimesFM3.0-COV-SPA,PF_0025102_01,0.048450230769230766,up_to_72h
TimesFM3.0-COV-SPA,PF_0025103_01,0.03263396396761134,up_to_72h
TimesFM3.0-COV-SPA-single-call,PF_0000574_01,0.026895036032388662,up_to_72h
TimesFM3.0-COV-SPA-single-call,PF_0001396_01,0.03091663036437247,up_to_72h
TimesFM3.0-COV-SPA-single-call,PF_0002529_01,0.036410795546558704,up_to_72h
TimesFM3.0-COV-SPA-single-call,PF_0010077_01,0.041779816599190285,up_to_72h
TimesFM3.0-COV-SPA-single-call,PF_0022097_01,0.03152834129554656,up_to_72h
TimesFM3.0-COV-SPA-single-call,PF_0024693_01,0.027059826720647773,up_to_72h
TimesFM3.0-COV-SPA-single-call,PF_0025100_01,0.045837296195652175,up_to_72h
TimesFM3.0-COV-SPA-single-call,PF_0025101_01,0.04677067975708502,up_to_72h
TimesFM3.0-COV-SPA-single-call,PF_0025102_01,0.04845022469635628,up_to_72h
TimesFM3.0-COV-SPA-single-call,PF_0025103_01,0.03263396720647774,up_to_72h
