scope,model,mean,sd,ci_low,ci_high,n_greenhouses
all,BiTFI-TimesFM3,0.03459656504959375,0.010132700101904714,0.029002886255944927,0.04090897738560289,10
all,TimesFM3.0-COV-SPA,0.04165762025774895,0.011469069131179144,0.03526447328633686,0.04872628420625336,10
all,TimesFM3.0-COV-SPA-single-call,0.04160167227368919,0.011503614123104694,0.03518872723074516,0.04871038086200242,10
168h,BiTFI-TimesFM3,0.037159704572649575,0.012284607889022518,0.030435239124999996,0.04497380975961538,10
168h,TimesFM3.0-COV-SPA,0.04512385145299145,0.014105626461638258,0.03734102661538462,0.05391836291880341,10
168h,TimesFM3.0-COV-SPA-single-call,0.04502889995726496,0.014169823477358609,0.03719994692307692,0.05386004027884615,10
up_to_72h,BiTFI-TimesFM3,0.03106854907300651,0.00749518926613162,0.026726867631683464,0.035598133592418806,10
up_to_72h,TimesFM3.0-COV-SPA,0.03682826193275832,0.008263016919776212,0.03206960773987855,0.041729569411151204,10
up_to_72h,TimesFM3.0-COV-SPA-single-call,0.03682826144142757,0.008263013432783,0.032069609746963566,0.04172956755180646,10
