greenhouse,w,n_eval,NMAE
PF_0000574_01,1690.2137874510922,36660,0.046105122407285655
PF_0001396_01,1736.1873973622382,36660,0.047359176141905025
PF_0002529_01,1913.4566808221903,36660,0.052194672144631485
PF_0010077_01,2183.0357505010015,36660,0.059548165589225356
PF_0022097_01,1937.7285259876946,36660,0.052856751936380106
PF_0024693_01,1767.6356059045297,36660,0.048217010526582914
PF_0025100_01,1179.986972496923,17568,0.06716683586617277
PF_0025101_01,2852.567019010282,36660,0.07781142986934757
PF_0025102_01,3707.7845938719493,34476,0.10754683240143721
PF_0025103_01,2029.4499978448077,36660,0.05535870152331718
