model,greenhouse,NMAE
BiTFI,PF_0020356_01,0.08308033430067231
BiTFI,PF_0021341_01,0.03737733847983358
BiTFI,PF_0022083_01,0.03201537185108613
BiTFI,PF_0023923_01,0.10286507157781605
BiTFI,PF_0024646_01,0.03169358531869044
BiTFI,PF_0024655_01,0.03042428968743422
BiTFI,PF_0024657_01,0.034118373851059994
BiTFI,PF_0025106_01,0.036131025197226635
BiTFI,PF_0025108_01,0.061851986738099635
LI,PF_0020356_01,0.26524432433126477
LI,PF_0021341_01,0.11337839120788977
LI,PF_0022083_01,0.12604088464664134
LI,PF_0023923_01,0.1656857869645012
LI,PF_0024646_01,0.14078420249898643
LI,PF_0024655_01,0.07079007731646514
LI,PF_0024657_01,0.12444545836158731
LI,PF_0025106_01,0.13908856010977738
LI,PF_0025108_01,0.15560530589075244
Spatial-Ridge,PF_0020356_01,0.2652443273866644
Spatial-Ridge,PF_0021341_01,0.06889310305736514
Spatial-Ridge,PF_0022083_01,0.05630796107153289
Spatial-Ridge,PF_0023923_01,0.18094122340819033
Spatial-Ridge,PF_0024646_01,0.04509732674414828
Spatial-Ridge,PF_0024655_01,0.043621770373468705
Spatial-Ridge,PF_0024657_01,0.06522770202563014
Spatial-Ridge,PF_0025106_01,0.07300297016654646
Spatial-Ridge,PF_0025108_01,0.08326732470561297
TimesFM3-univariate,PF_0020356_01,0.15305987579160946
TimesFM3-univariate,PF_0021341_01,0.06551113711377815
TimesFM3-univariate,PF_0022083_01,0.04740498534423351
TimesFM3-univariate,PF_0023923_01,0.12472343531601743
TimesFM3-univariate,PF_0024646_01,0.060435613713690245
TimesFM3-univariate,PF_0024655_01,0.03849467558293152
TimesFM3-univariate,PF_0024657_01,0.05293473660371914
TimesFM3-univariate,PF_0025106_01,0.0640771116460259
TimesFM3-univariate,PF_0025108_01,0.08283846679726299
