model,variable,mean,sd,low,high,n_sites
BiTFI,CO2,0.051531104802502135,0.03267551129354587,0.03293193370661601,0.07274826338971234,9
BiTFI,RH,0.05715462758721024,0.04013190819338991,0.035419469462329774,0.08390292590999568,9
BiTFI,Tin,0.041072261907853666,0.021783859552777434,0.029788216137787798,0.05615216023511976,9
LI,CO2,0.12865732417894446,0.07018988940360532,0.08605142694484519,0.17263827149903246,9
LI,RH,0.16111352845712096,0.0987170643633625,0.10308428190188001,0.22451924587295732,9
LI,Tin,0.14345265420504005,0.049381798548604375,0.11452149846221486,0.17477697736745612,9
Spatial-Ridge,CO2,0.09060050962504579,0.06042580193217966,0.05703781836146887,0.1308093692807066,9
Spatial-Ridge,RH,0.12502764849665673,0.11984703101142524,0.06131295334319924,0.20640041212678492,9
Spatial-Ridge,Tin,0.07870466034771732,0.06073991728678775,0.04731024910871875,0.12067075441866933,9
TimesFM3-univariate,CO2,0.06688590558966968,0.047027894632152414,0.041183638507049196,0.0982915535734603,9
TimesFM3-univariate,RH,0.09558334100050653,0.05848828553277271,0.06090205468013411,0.13299536401552087,9
TimesFM3-univariate,Tin,0.06753356406084476,0.026957825303263565,0.05247641973658444,0.08514548466818642,9
