model,metric,mean,sd,low,high,n_sites
BiTFI-refine0,VPD,0.08904165503126663,0.02512391428352568,0.07399851633379174,0.10300250118796411,10
BiTFI-refine0,radiation_integral,4.248337606553166,1.4923748075920673,3.341697188329717,5.076439691396896,10
BiTFI-refine1,VPD,0.06763318482509337,0.018788111689869328,0.05652606576070188,0.07870470261045454,10
BiTFI-refine1,radiation_integral,1.8716373470220866,0.759364349845624,1.4281582829114328,2.329449528778724,10
LI,VPD,0.2080484778390498,0.0709009136286039,0.1661642658681059,0.2483743863154373,10
LI,radiation_integral,27.032767497744356,7.518574237734117,22.533476056917294,31.284346319999997,10
SAITS-matched-local,VPD,0.09147240590098563,0.022815938644250883,0.07767269420294935,0.10400594355740314,10
SAITS-matched-local,radiation_integral,4.002337097476142,1.481641433240362,3.115022261556706,4.848097618729424,10
SAITS-spatial,VPD,0.08051414681002048,0.01965799089637786,0.07065988544528023,0.093614382719946,10
SAITS-spatial,radiation_integral,2.990897822305155,1.0592061224586145,2.358714409571696,3.607143758468667,10
