model,metric,gap_length_h,mean,sd,low,high,n_sites
BiTFI-refine0,VPD,6,0.06201075010160638,0.04062614449744124,0.04006176311617495,0.08765279022235804,10
BiTFI-refine0,VPD,12,0.06431292807277933,0.027153151628268188,0.04962003760015324,0.08160282178325372,10
BiTFI-refine0,VPD,24,0.07331933185221999,0.02293510931070408,0.059009624065395616,0.08579693790832628,10
BiTFI-refine0,VPD,72,0.08630775992756448,0.023419978346245835,0.0720671481544434,0.09896177531305207,10
BiTFI-refine0,VPD,168,0.09605062323019566,0.026800203185259282,0.08014321686313172,0.11118234769936285,10
BiTFI-refine0,radiation_integral,6,0.46933384499067854,0.18608796770347594,0.36489513929244505,0.5845783339594333,10
BiTFI-refine0,radiation_integral,12,1.2619251356620333,0.4074389838780328,1.0197972558750261,1.4886977824975378,10
BiTFI-refine0,radiation_integral,24,2.6037718887248156,0.8546417081906922,2.127821434169392,3.116457731880554,10
BiTFI-refine0,radiation_integral,72,6.302121567284564,2.1252940913145073,5.117871122997966,7.5643411685231285,10
BiTFI-refine0,radiation_integral,168,11.120046336270681,4.570886145668654,8.293359625510037,13.632932650675706,10
BiTFI-refine1,VPD,6,0.05274731644163257,0.03663685579136976,0.03286558529098031,0.07581141212805498,10
BiTFI-refine1,VPD,12,0.05420596457346827,0.025630951558042715,0.04152262581965466,0.07116785456083816,10
BiTFI-refine1,VPD,24,0.057868672689894,0.019789880158255602,0.04607383950110784,0.06913348723305553,10
BiTFI-refine1,VPD,72,0.06555859413188057,0.01796785904520834,0.054886667503508166,0.07590612171710391,10
BiTFI-refine1,VPD,168,0.07210566770638971,0.01852225556290538,0.06110775074602957,0.08277032212176197,10
BiTFI-refine1,radiation_integral,6,0.32438611636527304,0.16173331468750662,0.23370219698340977,0.4201129661327632,10
BiTFI-refine1,radiation_integral,12,0.6871227124072092,0.3366279717796175,0.49380227863399473,0.8930695285601065,10
BiTFI-refine1,radiation_integral,24,1.3647117074118318,0.4514896795450807,1.0949690504972107,1.6279473212819908,10
BiTFI-refine1,radiation_integral,72,2.2432077121098764,0.7242349623362013,1.8150761037788985,2.6642323316483223,10
BiTFI-refine1,radiation_integral,168,5.174223122504645,2.1737391537085538,4.101774366985757,6.611612545466947,10
LI,VPD,6,0.09395753789394869,0.0497036319655403,0.06698080598893681,0.12478108419844362,10
LI,VPD,12,0.1471073867222944,0.05809233014515609,0.11410367765392107,0.18172423389369058,10
LI,VPD,24,0.1965843077525889,0.07875993666753105,0.1512313292499632,0.24376925811283637,10
LI,VPD,72,0.22140404618231763,0.07377894022036098,0.17789484545973971,0.2634676805319574,10
LI,VPD,168,0.21175444740713528,0.07571421644275636,0.1670019677367977,0.2552720461436542,10
LI,radiation_integral,6,1.48095,0.5136812196294507,1.1925180000000002,1.7906247000000002,10
LI,radiation_integral,12,5.021274857142856,1.6402485910657143,4.088041714285714,5.991425935714285,10
LI,radiation_integral,24,14.066693999999998,3.8276003603772426,11.848433399999998,16.32282255,10
LI,radiation_integral,72,35.51690057142857,9.719963737081258,30.264463221428567,41.67010799999999,10
LI,radiation_integral,168,99.050394,40.83638172722407,79.2876825,126.15092504999998,10
SAITS-matched-local,VPD,6,0.0703156047982649,0.03925307693453915,0.04846738486461828,0.09422128041359254,10
SAITS-matched-local,VPD,12,0.07099280810220282,0.02128550405620138,0.059208233480235795,0.08429114109652718,10
SAITS-matched-local,VPD,24,0.07809017293624879,0.024022415333558887,0.06346046819306374,0.091253206549226,10
SAITS-matched-local,VPD,72,0.09110380894039469,0.028839202486191224,0.0745317670502434,0.10778927043296332,10
SAITS-matched-local,VPD,168,0.09700922245094734,0.022429989967017873,0.083392158075122,0.10937047672540114,10
SAITS-matched-local,radiation_integral,6,0.5454714932113844,0.31710694719721577,0.36417579602485134,0.7378129749279625,10
SAITS-matched-local,radiation_integral,12,1.2770860662408663,0.4691920095765305,0.9988215249897434,1.5463995640433303,10
SAITS-matched-local,radiation_integral,24,2.3989983682397513,0.9086975158856025,1.879020560326574,2.935851161410094,10
SAITS-matched-local,radiation_integral,72,5.1784924241298755,1.4698337471200635,4.3057443933270285,6.013574023849308,10
SAITS-matched-local,radiation_integral,168,11.846610110148104,3.5927404803667216,9.853431394396534,14.04201808186367,10
SAITS-spatial,VPD,6,0.07061537598082678,0.03874539228172726,0.04997743218826836,0.09502042830214681,10
SAITS-spatial,VPD,12,0.0707203320503956,0.026877289376968674,0.057944934852063174,0.08860730616455698,10
SAITS-spatial,VPD,24,0.07321362045354543,0.0179974697206841,0.06372025054438776,0.0845563711322652,10
SAITS-spatial,VPD,72,0.07778981706830863,0.01706177038571701,0.06883685284671276,0.0889830201898636,10
SAITS-spatial,VPD,168,0.08457956900799515,0.020492561484861175,0.07427387080862025,0.09819974734435856,10
SAITS-spatial,radiation_integral,6,0.3445021849555804,0.14211929748012028,0.2666242620308522,0.4339841341465331,10
SAITS-spatial,radiation_integral,12,0.8803942290255131,0.36488696860118325,0.6711484534789919,1.1004411348408085,10
SAITS-spatial,radiation_integral,24,1.6678379702583992,0.569609123484693,1.3167795915362221,1.9929561548246564,10
SAITS-spatial,radiation_integral,72,4.47367474971291,1.9219728480703007,3.39382339978898,5.663332697487974,10
SAITS-spatial,radiation_integral,168,9.092531539950121,4.475723525694061,6.655561811586796,11.941574261705862,10
