model,scenario,mean,sd,low,high,n_sites
AG-DeepAR,A,0.0737280630296136,0.01816456099999926,0.06504903382261269,0.0860184969278951,10
AG-DeepAR,B,0.06852647095223925,0.02109546939279176,0.057363181659574464,0.0823050377311536,10
AG-DeepAR,C,0.07180306063284234,0.01817179372377345,0.06219129213475178,0.0841730772992362,9
AG-LightGBM,A,0.061858659229137636,0.018315460360705752,0.052589287313427976,0.07406011659339332,10
AG-LightGBM,B,0.06358305117766672,0.02115476902646656,0.05248213272404901,0.07748256402977644,10
AG-LightGBM,C,0.0584923261044254,0.01845107766862097,0.04869348624113475,0.07110592425666698,9
AG-PatchTST,A,0.07651276271831017,0.017864747972187848,0.06774292381831237,0.088554885062991,10
AG-PatchTST,B,0.06452767600284155,0.02173348155291452,0.05314256874725983,0.0786565108519179,10
AG-PatchTST,C,0.07346745243113723,0.019563295593152827,0.06283017076595744,0.08662762878277334,9
AG-RandomForest,A,0.06851358089147197,0.018531920378788667,0.05936238467723141,0.08098604886928558,10
AG-RandomForest,B,0.06757339944867954,0.021340964460836834,0.05625546304609929,0.08151850012506164,10
AG-RandomForest,C,0.06559844148476193,0.01829053040928563,0.055999741419621746,0.07821097726752457,9
BiTFI-Chronos2,A,0.03458932029523409,0.010135658719302588,0.028854121892365456,0.040880072096485656,10
BiTFI-Chronos2,B,0.04030119790342045,0.014325694792348648,0.03230582335906942,0.049188871049583395,10
BiTFI-Chronos2,C,0.03553941011627783,0.009616572207315226,0.030011854229753006,0.041835705946551775,9
BiTFI-TimesFM3,A,0.032174740648992756,0.009515446996776157,0.02685258840072687,0.03810551759994468,10
BiTFI-TimesFM3,B,0.038521055876975206,0.01309016431706246,0.031293450257898134,0.04671492547500639,10
BiTFI-TimesFM3,C,0.03360050503171699,0.009142566931475403,0.028545203971631208,0.03964042648186301,9
BiTFI-TimesFM3-fwd,A,0.03677967458681989,0.010136549851333958,0.03101743389738928,0.0430821033517135,10
BiTFI-TimesFM3-fwd,B,0.04462226203734661,0.013306609194774393,0.036935953333763163,0.052657967769659864,10
BiTFI-TimesFM3-fwd,C,0.03791260134655498,0.009835752155744832,0.032309574067942826,0.044335678612870785,9
Chronos2,A,0.05782260515321278,0.01088358126657054,0.0519138346094032,0.06478036775474937,10
Chronos2,B,0.05745599326860597,0.016118920469836578,0.04854385552049278,0.06750376546718752,10
Chronos2,C,0.05535966241391482,0.012660513818994561,0.04838594874586289,0.06387048037176812,9
LI,A,0.12457011299943417,0.02190204976846755,0.11211200405412534,0.13768906976592807,10
LI,B,0.11463058842317467,0.029498218013935092,0.09731825761079554,0.13141151826368186,10
LI,C,0.11757904548099656,0.020506992277604268,0.10570764340898343,0.1305843458992544,9
MOMENT,A,0.08575833937554872,0.01289574521610107,0.0787063046713732,0.09378842206660805,10
MOMENT,B,0.0786010399225722,0.017425743947775924,0.06891956748887815,0.08930772953442458,10
MOMENT,C,0.08298394194388287,0.012598957321009482,0.07587585784751774,0.0913059630382262,9
MOMENT-FT,A,0.07746089971757882,0.012283325784108257,0.07078794997524426,0.08515379705419754,10
MOMENT-FT,B,0.07214502918603576,0.01650353096432544,0.06296128106904147,0.08226680166559037,10
MOMENT-FT,C,0.07444646989313565,0.011789707226809073,0.06781333834515367,0.08217828223356118,9
SAITS,A,0.06388921367166447,0.01640154646453942,0.05489936843347935,0.07419127196350803,10
SAITS,B,0.05842235805762448,0.016854481998273177,0.04903613228848561,0.06889484878815885,10
SAITS,C,0.06152666647283463,0.011122060472443835,0.0551248085106383,0.06869739074472365,9
SAITS-matched-local,A,0.05271782345142292,0.011784734341361496,0.04612848912661002,0.060107392251573404,10
SAITS-matched-local,B,0.052526104479569936,0.0143362301995751,0.04476646501804339,0.06151033224418416,10
SAITS-matched-local,C,0.056425341691002634,0.01016541734211544,0.0507042230186344,0.06308338790362955,9
SAITS-spatial,A,0.0546044329384943,0.016471411830885355,0.0451776014616768,0.06451944362815801,10
SAITS-spatial,B,0.05030452984982199,0.014871033712759656,0.042136107933859863,0.05963016023510448,10
SAITS-spatial,C,0.04471305876105816,0.011394148548903443,0.03811724981323877,0.051893131016067094,9
SeasonalNaive,A,0.06819899346328998,0.010887100061783455,0.06214283358611532,0.07490922482022848,10
SeasonalNaive,B,0.06591888917535807,0.016092388054266098,0.056975601132387706,0.0760901142851481,10
SeasonalNaive,C,0.06540922790025994,0.012118126326201507,0.058435184165591604,0.07325236360267107,9
Spatial-Ridge,A,0.06313588208702849,0.014681763889523873,0.05523335127755038,0.07252223042360464,10
Spatial-Ridge,B,0.07837325231739753,0.022671217650492473,0.06661054890248228,0.09333984893145471,10
Spatial-Ridge,C,0.061787981103302206,0.014668342210586494,0.05357483411827284,0.0714222842538162,9
TimesFM2.5,A,0.062489508511415236,0.018622550138286814,0.053656728165213094,0.07507971649977392,10
TimesFM2.5,B,0.06122787417298041,0.021425277777004877,0.049991464983182896,0.07519855860162979,10
TimesFM2.5,C,0.05974310243445332,0.019301079833181894,0.049799411016548466,0.07302433629920949,9
TimesFM3.0,A,0.06114627971370421,0.017779897258457817,0.05268402044677338,0.07316431141457506,10
TimesFM3.0,B,0.060227891022704184,0.020979178637651787,0.04927288155233184,0.07391209203050239,10
TimesFM3.0,C,0.05814120951745237,0.018757390863151372,0.04835905238770685,0.07090762212272282,9
TimesFM3.0-COV,A,0.04361980061813435,0.01209347550078861,0.03694248480720747,0.05121619927384104,10
TimesFM3.0-COV,B,0.04933006350422488,0.01333691638328788,0.04176588464340842,0.057564837083066395,10
TimesFM3.0-COV,C,0.05672152385075361,0.013184577584401712,0.04938765005673759,0.06539777278692382,9
TimesFM3.0-COV-SPA,A,0.03749060798820726,0.011173029294968433,0.031191760015269087,0.0443790560764189,10
TimesFM3.0-COV-SPA,B,0.04562500529800752,0.01430530364039261,0.037411660362131956,0.05431807235031332,10
TimesFM3.0-COV-SPA,C,0.042907232516286385,0.010985839199093435,0.036702961133569745,0.05014885174770279,9
TimesFM3.0-MV,A,0.05735471059309292,0.0109220229248345,0.051470976919337774,0.06438901219619134,10
TimesFM3.0-MV,B,0.056485689064166254,0.015471996193612067,0.04787875827396303,0.06605339583304523,10
TimesFM3.0-MV,C,0.054437196315479816,0.0124488939804135,0.04758711374801835,0.06282034410655413,9
