model,group_value,mean,sd,low,high,n_sites
AG-DeepAR,fall,0.07892360886470842,0.02076122824740779,0.06856575698066524,0.0928932398282311,10
AG-DeepAR,spring,0.06836630350317943,0.008649492104980628,0.06344451376037316,0.0745356440998749,8
AG-DeepAR,summer,0.05061971478250484,0.007339461361306177,0.044869605901178146,0.055510504167501445,6
AG-DeepAR,winter,0.07015283611306924,0.02426308020078606,0.05782580152401322,0.08630336534079307,10
AG-LightGBM,fall,0.06486921614046955,0.0228778689440764,0.05292749646331896,0.0798049083816373,10
AG-LightGBM,spring,0.05807656431851643,0.009196033385781486,0.05244258529380879,0.0643184669071574,8
AG-LightGBM,summer,0.04779656192849605,0.0074412340564812265,0.04271303795836696,0.05335005499631287,6
AG-LightGBM,winter,0.06040841850158733,0.0265321410731057,0.04715536536573991,0.07823863965188303,10
AG-PatchTST,fall,0.07807543460178246,0.021872979880568688,0.06724413082223941,0.09238276873085516,10
AG-PatchTST,spring,0.07025044021057592,0.007804194293602926,0.06537657917119673,0.07533062435770291,8
AG-PatchTST,summer,0.05452635705212223,0.008898636015662273,0.04763604567015251,0.06060460702918949,6
AG-PatchTST,winter,0.06953716309260011,0.025413531569981135,0.0569565384525639,0.08687107762415389,10
AG-RandomForest,fall,0.07277238546896712,0.02298653134512629,0.06105407533566668,0.08784830795302949,10
AG-RandomForest,spring,0.06433800480981641,0.010353909662553215,0.05829030845248256,0.07155582116534905,8
AG-RandomForest,summer,0.04986136170735702,0.008274280193508081,0.04373432946689679,0.055718016814714416,6
AG-RandomForest,winter,0.0655814695793518,0.026641755602927822,0.05238065181309798,0.08356128602271772,10
BiTFI-Chronos2,fall,0.036837092521683455,0.012783845508010074,0.03002099139536284,0.04495997785759352,10
BiTFI-Chronos2,spring,0.031618461506400256,0.009874633070996489,0.026002707455329812,0.038685549119834205,8
BiTFI-Chronos2,summer,0.029378594028439665,0.003545397354004561,0.027089253805167385,0.03219961091961504,6
BiTFI-Chronos2,winter,0.04096923284354451,0.024107789245255872,0.029638348629620715,0.05716750131044069,10
BiTFI-TimesFM3,fall,0.03343070194980133,0.011927329533657403,0.027392732308813405,0.04124715522927081,10
BiTFI-TimesFM3,spring,0.030115855053193842,0.00972620625456842,0.024688086116964637,0.03718199549700497,8
BiTFI-TimesFM3,summer,0.02899485691608426,0.00487146417738125,0.025654875549090298,0.032755372204336226,6
BiTFI-TimesFM3,winter,0.03998028870410926,0.023623275159004916,0.028824474886859897,0.055908080190816056,10
BiTFI-TimesFM3-fwd,fall,0.03917092781655153,0.011141444154018607,0.03313269413667069,0.04615384133553788,10
BiTFI-TimesFM3-fwd,spring,0.035859380945124454,0.011974400988601926,0.02921364494069165,0.04462050177587182,8
BiTFI-TimesFM3-fwd,summer,0.029290850070757476,0.0036097093996904136,0.02730079933783991,0.03226926196909754,6
BiTFI-TimesFM3-fwd,winter,0.04494048272467195,0.023819388218957585,0.032987797971484455,0.06084784054878119,10
Chronos2,fall,0.06340467490570509,0.011832892372028517,0.05688317651181974,0.07076955815878079,10
Chronos2,spring,0.054834363618730335,0.010037175489762608,0.04878927028390916,0.06184912753656035,8
Chronos2,summer,0.04487127115461587,0.007207788753763436,0.0397033211781315,0.050100491813224644,6
Chronos2,winter,0.05707359391676494,0.024120267703922355,0.04510769629167104,0.0732738767202038,10
LI,fall,0.12455353727360736,0.027513486795413444,0.10864309264803189,0.1409444447288763,10
LI,spring,0.1290232351510101,0.034111791372537094,0.10905091804825492,0.15338051553551352,8
LI,summer,0.10428315457360632,0.025200685955681874,0.08642684608219603,0.12254474873636227,6
LI,winter,0.11348472848806013,0.02837184619169376,0.09789575546331283,0.13134517897842665,10
MOMENT,fall,0.08668226471183728,0.01598073384161231,0.07815138237471966,0.09670899414059779,10
MOMENT,spring,0.08449650522625107,0.015688171608052016,0.07591650383516875,0.0956860372761477,8
MOMENT,summer,0.06843177237091623,0.01067458266376747,0.06070299229388441,0.07610420119777549,6
MOMENT,winter,0.08087295553679322,0.0228282683204634,0.06972486895193476,0.09629237573041993,10
MOMENT-FT,fall,0.0780495689679874,0.014677322401937419,0.07013612533160736,0.08724727294856635,10
MOMENT-FT,spring,0.07677654134315023,0.014075456527477218,0.06921495331388652,0.08692769077149774,8
MOMENT-FT,summer,0.06280042473504231,0.009289520548881505,0.055829304191336554,0.06935936649231603,6
MOMENT-FT,winter,0.07349003945353719,0.02342065731133185,0.06224069470735957,0.08932498154766554,10
SAITS,fall,0.061911611321876184,0.012819097393600364,0.05485978491189776,0.0698873602165591,10
SAITS,spring,0.060912546955573695,0.01291593534636657,0.05408252141270913,0.07044683664466338,8
SAITS,summer,0.050929856196817176,0.006991840508855059,0.046027446783115634,0.05599744270063491,6
SAITS,winter,0.06461599597563382,0.02775888264014737,0.050298916816736275,0.08277783052151244,10
SAITS-matched-local,fall,0.055701755931663446,0.011748562188869004,0.04929753445369847,0.06299270893903251,10
SAITS-matched-local,spring,0.05569377940025984,0.013611590664686807,0.048608321286799955,0.06573521916935599,8
SAITS-matched-local,summer,0.04809910790694241,0.007286996653591437,0.04297703856823259,0.053496138310794576,6
SAITS-matched-local,winter,0.05589662103765247,0.024380078601302993,0.043731857903385844,0.07222123041500082,10
SAITS-spatial,fall,0.047615916161795536,0.012537848489348991,0.04075950434929917,0.05546859976248937,10
SAITS-spatial,spring,0.04605166047819041,0.00991907244021258,0.04089682130686052,0.053378781252662176,8
SAITS-spatial,summer,0.04418178695436142,0.009168097598848629,0.03769293958248918,0.050898865005451675,6
SAITS-spatial,winter,0.05669137448585197,0.028136671724724158,0.04162616560179101,0.07473350478300196,10
SeasonalNaive,fall,0.07205945188177132,0.01241292231845509,0.0653751808207508,0.07985450390278898,10
SeasonalNaive,spring,0.06792572631020626,0.012585266532214081,0.0604584054455609,0.0766110969712254,8
SeasonalNaive,summer,0.052497145297099916,0.008196331351946992,0.04667169897060367,0.0585748912113675,6
SeasonalNaive,winter,0.06635932199923397,0.026249636487454313,0.053531830034405675,0.08425997571144521,10
Spatial-Ridge,fall,0.06530076929081931,0.021177833849560276,0.05406968271947581,0.07824138333720815,10
Spatial-Ridge,spring,0.07092185549457779,0.020829110872029672,0.057910317817899064,0.08502709347459154,8
Spatial-Ridge,summer,0.0657959923282093,0.012012333232131885,0.05710289991396047,0.07436186953548894,6
Spatial-Ridge,winter,0.0703068023328945,0.029309517057451624,0.05519302495396236,0.0891923991875222,10
TimesFM2.5,fall,0.06849255641550225,0.023197246862143358,0.056622277789306306,0.08375717222639552,10
TimesFM2.5,spring,0.05873439266002144,0.010202053356173725,0.05258217433267053,0.06579721355416537,8
TimesFM2.5,summer,0.04714266977622098,0.006793184300611251,0.042297906336794644,0.05221050552619991,6
TimesFM2.5,winter,0.057829376015258484,0.024014282550022078,0.045699489544146446,0.07378091715865327,10
TimesFM3.0,fall,0.06549557892445075,0.022932678017835013,0.05369249263728178,0.08055801340603784,10
TimesFM3.0,spring,0.0567946866633066,0.00952125066868531,0.05100941833843486,0.06337071927165253,8
TimesFM3.0,summer,0.04546668500171497,0.00698561117584557,0.04076316999980651,0.050835249613398935,6
TimesFM3.0,winter,0.05783404985502479,0.02373419945754607,0.04598638755170051,0.07371530532099825,10
TimesFM3.0-COV,fall,0.0535853510845421,0.013807351422748073,0.04599883995497624,0.06200718124506861,10
TimesFM3.0-COV,spring,0.04854400357577077,0.009553217874004656,0.04291034988880608,0.05534734112113815,8
TimesFM3.0-COV,summer,0.036895378706689,0.004977265106480673,0.033917280769144624,0.04105554542320101,6
TimesFM3.0-COV,winter,0.05190003159350769,0.024462843378630496,0.03968219582074269,0.06848371863572816,10
TimesFM3.0-COV-SPA,fall,0.042227741323685064,0.012843925398252227,0.03507860229774592,0.05009515363874035,10
TimesFM3.0-COV-SPA,spring,0.0375659734127754,0.010545143785817312,0.031876969884125785,0.04532417144091501,8
TimesFM3.0-COV-SPA,summer,0.032529491453587855,0.003182147821792122,0.030264556262438777,0.034928460881002606,6
TimesFM3.0-COV-SPA,winter,0.045785412344506865,0.02346576697190374,0.03394548817092347,0.06147368342866312,10
TimesFM3.0-MV,fall,0.06052364084007411,0.012802913230047648,0.05339664633561454,0.06835246153102434,10
TimesFM3.0-MV,spring,0.05534979946742838,0.0098731821277432,0.049468854083564315,0.06238833228038892,8
TimesFM3.0-MV,summer,0.04405366655765979,0.006139975771077734,0.03963847444089732,0.04860164652268053,6
TimesFM3.0-MV,winter,0.0569596227188372,0.023625316308676068,0.04527849972906503,0.07279975085268335,10
