model,scenario,gap_length_h,mean,sd,low,high,n_sites
AG-DeepAR,A,6,0.045960037999999995,0.0057121879009045225,0.04261876194999999,0.04929794325,10
AG-DeepAR,A,12,0.058149512,0.016550961180792693,0.04974687505,0.06917225970000002,10
AG-DeepAR,A,24,0.056762006,0.00658106818529265,0.05277304465,0.06049191265,10
AG-DeepAR,A,72,0.06695692147826086,0.012410945206420486,0.060508130449999996,0.07506006642826087,10
AG-DeepAR,A,168,0.0815254008108108,0.025355218590117422,0.06966539892027028,0.098852712,10
AG-DeepAR,B,6,0.04655981666666667,0.02124425141265308,0.03450773458333334,0.05961836324999999,10
AG-DeepAR,B,12,0.04833834,0.018316412518870395,0.03844646325,0.05993399666666667,10
AG-DeepAR,B,24,0.05538094666666667,0.01477033938598184,0.04677247516666667,0.06417689933333331,10
AG-DeepAR,B,72,0.06364631666666667,0.015016608552370388,0.05501572008333333,0.07242026183333333,10
AG-DeepAR,B,168,0.0757419125925926,0.0292174795263559,0.06066527583333334,0.0948548323611111,10
AG-DeepAR,C,6,0.04091921555555556,0.012690072438472436,0.03350401333333334,0.049079482333333334,9
AG-DeepAR,C,12,0.051683759999999995,0.017493953535959218,0.04316930666666667,0.06400497111111109,9
AG-DeepAR,C,24,0.053529331111111106,0.009012128219339265,0.04804212772222222,0.05909333283333333,9
AG-DeepAR,C,72,0.06120780444444444,0.008667373427289134,0.056391535555555566,0.06703976666666667,9
AG-DeepAR,C,168,0.08186532074074074,0.026664230452037023,0.06854167333333333,0.1003409345,9
AG-LightGBM,A,6,0.037061052,0.005542324354598289,0.03374465835,0.040282332299999994,10
AG-LightGBM,A,12,0.047421612,0.01677722445566727,0.03912445729999999,0.05874658099999998,10
AG-LightGBM,A,24,0.045914029999999995,0.0065149194590894376,0.041880976849999994,0.04954551495,10
AG-LightGBM,A,72,0.054880840434782606,0.010276386116165161,0.049907541050000004,0.06179144943043478,10
AG-LightGBM,A,168,0.0694549429009009,0.026198290273733285,0.05632745756756756,0.08704191931171171,10
AG-LightGBM,B,6,0.0399841,0.019373769874207893,0.029562898583333334,0.05228230808333332,10
AG-LightGBM,B,12,0.04402939666666666,0.019804814257178626,0.03408367666666666,0.057095611583333296,10
AG-LightGBM,B,24,0.05144856666666666,0.015956182682220557,0.0424127855,0.06130232475,10
AG-LightGBM,B,72,0.057569513333333336,0.014350126570476353,0.0493546635,0.06615853175,10
AG-LightGBM,B,168,0.07103385592592593,0.028655400524739222,0.05652159625000001,0.08995043384259259,10
AG-LightGBM,C,6,0.033216388888888886,0.011372156522696611,0.026676852722222217,0.04065736222222222,9
AG-LightGBM,C,12,0.04204542666666666,0.016734140942964472,0.03392740444444445,0.05371229416666667,9
AG-LightGBM,C,24,0.043399059999999996,0.010603349362413746,0.03714462622222223,0.05011151305555556,9
AG-LightGBM,C,72,0.05001422222222222,0.009215140720734786,0.04448478444444444,0.05575441672222222,9
AG-LightGBM,C,168,0.06671232222222222,0.02700107955377793,0.053339368888888884,0.08560458249999998,9
AG-PatchTST,A,6,0.054765464,0.008124038700005203,0.04971950704999999,0.05928121235,10
AG-PatchTST,A,12,0.064506818,0.016179408949966688,0.05610054555,0.07518004604999999,10
AG-PatchTST,A,24,0.06337988199999998,0.007654936959917219,0.058683003100000006,0.06770179289999999,10
AG-PatchTST,A,72,0.0697641367826087,0.011990544813392028,0.0634462640326087,0.07765214338260869,10
AG-PatchTST,A,168,0.08318720344144145,0.02458862364418758,0.0712605288027027,0.09978301515000002,10
AG-PatchTST,B,6,0.04920213666666666,0.020302067784009854,0.037621829833333335,0.06176019766666666,10
AG-PatchTST,B,12,0.04962551666666666,0.01899681541201928,0.03909526558333334,0.06151281825,10
AG-PatchTST,B,24,0.05331682333333334,0.01477326931999143,0.04460465633333333,0.062073395333333344,10
AG-PatchTST,B,72,0.06000312,0.014949502450205205,0.05129593308333333,0.06851451650000001,10
AG-PatchTST,B,168,0.07046891185185185,0.02968900683815199,0.05539053308333334,0.09012870463888889,10
AG-PatchTST,C,6,0.049173695555555556,0.014933932057595476,0.039661013333333335,0.05807136777777778,9
AG-PatchTST,C,12,0.05887040222222222,0.01801738219073582,0.04969044422222222,0.0713961447222222,9
AG-PatchTST,C,24,0.05865747777777778,0.0117538536351932,0.051270628888888885,0.06562868633333332,9
AG-PatchTST,C,72,0.06398121777777778,0.011557279200626958,0.057430298222222224,0.07149441622222222,9
AG-PatchTST,C,168,0.0818957987654321,0.027238307329202592,0.06794646838888889,0.10094619777777776,9
AG-RandomForest,A,6,0.040621279999999996,0.006959658431937909,0.03663865605,0.04490925,10
AG-RandomForest,A,12,0.051158116,0.016271456698047245,0.04359570685,0.06210508709999999,10
AG-RandomForest,A,24,0.050363864,0.007678466071344084,0.0456621688,0.054816648399999994,10
AG-RandomForest,A,72,0.06066863113043479,0.01176098421988832,0.05464292562826086,0.06847497465652173,10
AG-RandomForest,A,168,0.07713459133933934,0.026097620539738176,0.06432234142837838,0.09470229718378378,10
AG-RandomForest,B,6,0.042702903333333334,0.01801785216133614,0.03248449333333333,0.053673758833333314,10
AG-RandomForest,B,12,0.04614167666666667,0.018208607259924774,0.03620677333333333,0.057600995999999995,10
AG-RandomForest,B,24,0.05296396,0.017355377348030873,0.042931300916666665,0.06343633566666666,10
AG-RandomForest,B,72,0.062429406666666666,0.015878346463758766,0.05350356933333333,0.07218438316666667,10
AG-RandomForest,B,168,0.07544781592592593,0.02882484430386187,0.06065866416666667,0.09453655179629629,10
AG-RandomForest,C,6,0.03551505333333334,0.010794455875466812,0.028986774888888886,0.0422535351111111,9
AG-RandomForest,C,12,0.04674166666666667,0.016576871167690244,0.038247692111111106,0.05825036444444445,9
AG-RandomForest,C,24,0.04794263333333333,0.010030839327778108,0.04209844222222222,0.05427289111111111,9
AG-RandomForest,C,72,0.05535692888888889,0.00920665812234337,0.049989782277777776,0.061244854055555555,9
AG-RandomForest,C,168,0.07528113679012345,0.026308267935205666,0.062266206166666664,0.09365183964814813,9
BiTFI-Chronos2,A,6,0.02469736,0.005799182136872598,0.021436102000000002,0.028187865099999997,10
BiTFI-Chronos2,A,12,0.030228208,0.016728380537560712,0.022399683000000004,0.041482761199999996,10
BiTFI-Chronos2,A,24,0.028090406000000002,0.006811206792436842,0.024301302450000006,0.0322925277,10
BiTFI-Chronos2,A,72,0.03113793652173913,0.007190401498112814,0.0270101824,0.03543681805869564,10
BiTFI-Chronos2,A,168,0.037832783771771766,0.012546192669244298,0.0307549302554054,0.04561059443273272,10
BiTFI-Chronos2,B,6,0.02850109333333333,0.018350656929626237,0.01888902908333333,0.040279399333333334,10
BiTFI-Chronos2,B,12,0.03317851,0.01978352569299629,0.023318272083333334,0.04618492733333333,10
BiTFI-Chronos2,B,24,0.03485629333333334,0.013742153976426058,0.027033466666666672,0.04303748058333333,10
BiTFI-Chronos2,B,72,0.037946343333333334,0.010430870870902604,0.031869830416666675,0.04407580116666667,10
BiTFI-Chronos2,B,168,0.04375538481481482,0.018038727849722453,0.03363165391666667,0.05502308370370369,10
BiTFI-Chronos2,C,6,0.022528353333333334,0.008850507584506099,0.017469040388888888,0.028194317111111106,9
BiTFI-Chronos2,C,12,0.027393624444444445,0.006896930256569061,0.023321504444444443,0.03176602194444444,9
BiTFI-Chronos2,C,24,0.02910433111111111,0.009537486124561918,0.023895459999999997,0.035668216999999995,9
BiTFI-Chronos2,C,72,0.031150342222222224,0.005045588292978775,0.028028075500000003,0.034228461555555555,9
BiTFI-Chronos2,C,168,0.03952255728395062,0.013139237096117862,0.03211216000000001,0.048205876296296295,9
BiTFI-TimesFM3,A,6,0.024374694000000002,0.005782014832165534,0.02102268625,0.02776977055,10
BiTFI-TimesFM3,A,12,0.030271609999999997,0.015639274081238906,0.02262157855,0.04058538259999998,10
BiTFI-TimesFM3,A,24,0.027228038000000003,0.006644945342722793,0.023541973650000002,0.031273924299999985,10
BiTFI-TimesFM3,A,72,0.02935556913043478,0.007406774602941131,0.0250291708,0.033807963410869564,10
BiTFI-TimesFM3,A,168,0.034612120072072074,0.01140100011916908,0.0283497949018018,0.04179445954054054,10
BiTFI-TimesFM3,B,6,0.03037648,0.017628507991152387,0.021396093333333335,0.041736376083333325,10
BiTFI-TimesFM3,B,12,0.033645089999999996,0.01979326528330586,0.02387528041666667,0.04673665750000001,10
BiTFI-TimesFM3,B,24,0.03462135666666667,0.013310484845739254,0.026938078083333337,0.04258679775000001,10
BiTFI-TimesFM3,B,72,0.037308539999999994,0.010373682138008879,0.03126698975,0.04344954516666666,10
BiTFI-TimesFM3,B,168,0.04056093333333333,0.015517441769621056,0.03195035858333333,0.050294508333333314,10
BiTFI-TimesFM3,C,6,0.02323173777777778,0.008690097687198023,0.018338879833333332,0.02897408777777778,9
BiTFI-TimesFM3,C,12,0.02821893777777778,0.006911168424987517,0.023929960722222223,0.03245840683333333,9
BiTFI-TimesFM3,C,24,0.029427331111111107,0.009216327167441005,0.024401454833333332,0.035782197777777774,9
BiTFI-TimesFM3,C,72,0.029840413333333333,0.004892458327456658,0.026913727999999998,0.03287598,9
BiTFI-TimesFM3,C,168,0.0366327224691358,0.012097385989039092,0.03005029583333333,0.04463914727777777,9
BiTFI-TimesFM3-fwd,A,6,0.028747394000000003,0.005781000566384489,0.02524273705,0.03191443570000001,10
BiTFI-TimesFM3-fwd,A,12,0.033775044,0.017262000464863855,0.025636242849999994,0.04523253519999998,10
BiTFI-TimesFM3-fwd,A,24,0.029249179999999996,0.006026321818179534,0.02582755,0.0328955523,10
BiTFI-TimesFM3-fwd,A,72,0.034811528,0.009946460715706085,0.029440874,0.041236532699999995,10
BiTFI-TimesFM3-fwd,A,168,0.03931027484684685,0.012242472138865427,0.032409273333333335,0.04701203572567567,10
BiTFI-TimesFM3-fwd,B,6,0.03858105666666666,0.01820160126537542,0.02903077708333333,0.05009865341666666,10
BiTFI-TimesFM3-fwd,B,12,0.038063766666666665,0.020599914655732358,0.0277571005,0.05165268733333332,10
BiTFI-TimesFM3-fwd,B,24,0.03854362666666667,0.014655584925341645,0.02998117608333334,0.047096993499999996,10
BiTFI-TimesFM3-fwd,B,72,0.04181855333333333,0.011465539808866013,0.03511313283333333,0.048538315666666665,10
BiTFI-TimesFM3-fwd,B,168,0.047583028148148146,0.015545801969022917,0.038555993222222223,0.05680237176851853,10
BiTFI-TimesFM3-fwd,C,6,0.029880484444444442,0.00920188748954136,0.024633890833333335,0.035817065777777775,9
BiTFI-TimesFM3-fwd,C,12,0.03645799555555556,0.015437274976471,0.02901224477777778,0.047259885777777774,9
BiTFI-TimesFM3-fwd,C,24,0.03290380666666667,0.010132814319309319,0.026974342222222225,0.03945056116666666,9
BiTFI-TimesFM3-fwd,C,72,0.033565471111111106,0.004723578267194385,0.030610195055555553,0.036458438611111116,9
BiTFI-TimesFM3-fwd,C,168,0.0409449387654321,0.013090801460601695,0.03363641333333333,0.049620200740740736,9
Chronos2,A,6,0.034909002,0.006290903966376638,0.031413169000000005,0.03878634734999999,10
Chronos2,A,12,0.046432452,0.01629763464935449,0.0384021745,0.05752304859999999,10
Chronos2,A,24,0.045319434000000006,0.00801232313722944,0.04048105255,0.049818024,10
Chronos2,A,72,0.056108756173913046,0.012142755576570572,0.05020034730434783,0.06422351954347826,10
Chronos2,A,168,0.06215243012012012,0.012947115323167883,0.05510205697522522,0.07035179187867867,10
Chronos2,B,6,0.03949162666666666,0.01926446870085885,0.028719357416666664,0.051406126833333315,10
Chronos2,B,12,0.04212892,0.019525893112544646,0.031891135083333334,0.054866971499999986,10
Chronos2,B,24,0.0464163,0.015422697756909704,0.037461205416666664,0.055470557,10
Chronos2,B,72,0.056751696666666664,0.01653222426364849,0.04753841916666667,0.06683079033333333,10
Chronos2,B,168,0.06156963444444445,0.018251294302285916,0.05129786525,0.07292394513888889,10
Chronos2,C,6,0.030968831111111112,0.010784035384224734,0.02453983027777778,0.03774821938888888,9
Chronos2,C,12,0.04139597111111112,0.017909394088840947,0.03268654672222222,0.053840323222222215,9
Chronos2,C,24,0.04166761777777778,0.009831132977116342,0.03636136961111111,0.048323979555555556,9
Chronos2,C,72,0.04972185333333333,0.00866307414998856,0.0449284415,0.0555278536111111,9
Chronos2,C,168,0.061721035308641974,0.01615218783962643,0.052822024055555555,0.07287041582098766,9
LI,A,6,0.05156225200000001,0.007270808173989404,0.04765685045,0.0561533372,10
LI,A,12,0.097314392,0.022778581973079106,0.08407798875,0.11096679400000001,10
LI,A,24,0.12287149600000002,0.022690931984106783,0.10919886744999999,0.1357748718,10
LI,A,72,0.12019342565217392,0.021940976455943107,0.10765897211086958,0.13333553136521742,10
LI,A,168,0.131545325003003,0.024821348731856107,0.11761587697777777,0.14676733289204205,10
LI,B,6,0.05319558,0.021356342047803165,0.041015471,0.06608763966666666,10
LI,B,12,0.08435890333333333,0.025094236897306436,0.07057432333333333,0.09970967516666666,10
LI,B,24,0.10730734,0.03070843704934815,0.08979833308333333,0.12529592883333335,10
LI,B,72,0.12153383666666666,0.03149804102427288,0.10286563066666665,0.13915064724999998,10
LI,B,168,0.11719418814814815,0.03197475075677944,0.09884108387037038,0.13579302609259256,10
LI,C,6,0.04850802444444444,0.017445075714962597,0.03752091333333333,0.059153736944444445,9
LI,C,12,0.08019146888888888,0.01785769414750715,0.07019552444444445,0.09246066249999998,9
LI,C,24,0.12320613777777778,0.03694429161985982,0.10146873694444444,0.146236239,9
LI,C,72,0.11666838888888889,0.02248657122419982,0.10401724033333333,0.1315968203888889,9
LI,C,168,0.12237111481481483,0.02001109950352908,0.11062932744444444,0.13508190962962965,9
MOMENT,A,6,0.054208512,0.009390076891760439,0.049217206050000004,0.06011292195,10
MOMENT,A,12,0.053538680000000005,0.014007075814589013,0.04663951275,0.0628735775,10
MOMENT,A,24,0.055080818,0.009137136440990932,0.049915768000000006,0.060753476749999986,10
MOMENT,A,72,0.07420418,0.013699401289769318,0.06767908825,0.08348856405,10
MOMENT,A,168,0.0989279822882883,0.015628609656244342,0.09024335288108107,0.10852310798108109,10
MOMENT,B,6,0.04809734,0.02025028791665948,0.03731855691666667,0.06117680666666666,10
MOMENT,B,12,0.051039593333333334,0.020407831321102392,0.04058990958333333,0.06452275083333332,10
MOMENT,B,24,0.055463263333333325,0.014172825974808621,0.04682585558333334,0.06332798608333334,10
MOMENT,B,72,0.06998648333333334,0.01432459825177061,0.06210637866666668,0.07879924433333332,10
MOMENT,B,168,0.09009443703703704,0.022257149801330086,0.0776581835,0.10377622870370372,10
MOMENT,C,6,0.047034393333333334,0.010503126188916327,0.04081259288888889,0.05369685672222223,9
MOMENT,C,12,0.04749509111111112,0.009870114023698565,0.04199783161111111,0.05404817144444443,9
MOMENT,C,24,0.05359805555555555,0.009545788531670802,0.04831887716666666,0.059941155555555556,9
MOMENT,C,72,0.06859322666666666,0.012375589414419822,0.06170247111111112,0.07686460883333333,9
MOMENT,C,168,0.09735870839506172,0.015320908998359103,0.0885111625,0.10731849229012344,9
MOMENT-FT,A,6,0.05114018600000001,0.00853788189900907,0.04652419024999999,0.05652960555,10
MOMENT-FT,A,12,0.052529696,0.013934314160571138,0.045920311699999994,0.06195094979999999,10
MOMENT-FT,A,24,0.053999177999999995,0.009428485882739484,0.04881747835,0.059891550599999996,10
MOMENT-FT,A,72,0.06675353295652173,0.012020978301079316,0.060817431799999995,0.07476999176086956,10
MOMENT-FT,A,168,0.08845843437237236,0.01524608584139638,0.0800868231539039,0.09797242979114112,10
MOMENT-FT,B,6,0.05077113333333333,0.02001233999584713,0.04045248375,0.06362836875,10
MOMENT-FT,B,12,0.05135411666666667,0.020377537823416083,0.04097372558333334,0.06487360891666667,10
MOMENT-FT,B,24,0.05493939333333332,0.014622098174244166,0.046222244249999996,0.06320038424999999,10
MOMENT-FT,B,72,0.06350365333333333,0.012726357815056101,0.05641767541666666,0.07128931366666666,10
MOMENT-FT,B,168,0.08181893370370372,0.020874639188877435,0.0701242412037037,0.09468104582407408,10
MOMENT-FT,C,6,0.04573870888888889,0.009947283437276286,0.039930846666666665,0.05209967383333333,9
MOMENT-FT,C,12,0.0465107,0.010709377422338798,0.04062462916666667,0.05366458888888888,9
MOMENT-FT,C,24,0.05246859111111111,0.009634451479846224,0.0471688291111111,0.0588501055,9
MOMENT-FT,C,72,0.06135264222222222,0.009227190268805802,0.05616118322222222,0.06745605650000001,9
MOMENT-FT,C,168,0.08639158197530865,0.014854150310417234,0.077768225,0.09601040201234567,9
SAITS,A,6,0.047532028,0.007664448179508643,0.043161419799999996,0.0520715681,10
SAITS,A,12,0.052509551999999994,0.016433679741336624,0.04411180605,0.06324158655,10
SAITS,A,24,0.053414514,0.009167842430423373,0.0483653668,0.059138720799999996,10
SAITS,A,72,0.06134229139130435,0.015007502932735244,0.053055878849999995,0.07062583724565218,10
SAITS,A,168,0.06815522553153154,0.019483851713489726,0.05745542911666667,0.0804713341981982,10
SAITS,B,6,0.04715985000000001,0.020322870526645043,0.035845788749999996,0.05982465533333333,10
SAITS,B,12,0.05027370333333334,0.019301796415190076,0.04022599833333334,0.06277132366666666,10
SAITS,B,24,0.052913296666666665,0.01494092009884636,0.044120875000000004,0.06149902016666666,10
SAITS,B,72,0.05954420333333332,0.01797501499330373,0.04948433000000001,0.07044047099999999,10
SAITS,B,168,0.06006650925925926,0.017999187366247244,0.05008504391666666,0.07140708729629629,10
SAITS,C,6,0.047454008888888885,0.012784202946211042,0.03971580222222223,0.055383573166666665,9
SAITS,C,12,0.04878215555555556,0.011678505062309037,0.042492276777777775,0.05671110072222221,9
SAITS,C,24,0.054039708888888885,0.008604583504337158,0.04921248733333334,0.05963601777777778,9
SAITS,C,72,0.05556125333333333,0.009297523534199843,0.05020206888888889,0.06151203133333334,9
SAITS,C,168,0.06665482444444444,0.012852037800550454,0.05923768205555556,0.07491101311111112,9
SAITS-matched-local,A,6,0.03550981400000001,0.006189696895598541,0.03203185025,0.0392869645,10
SAITS-matched-local,A,12,0.043893391999999996,0.01790307928698847,0.03537229315,0.05584938335,10
SAITS-matched-local,A,24,0.043156936,0.008319966314626252,0.03841434705,0.04818106679999999,10
SAITS-matched-local,A,72,0.050763033826086955,0.010115604053625764,0.045151080149999995,0.05701906692826088,10
SAITS-matched-local,A,168,0.056300040858858855,0.01385640891327489,0.048603931777777776,0.06513461234069068,10
SAITS-matched-local,B,6,0.04304106,0.01976332231345807,0.03255248341666667,0.05572034191666667,10
SAITS-matched-local,B,12,0.04553284666666667,0.020119304709430533,0.03485318175,0.058455044833333324,10
SAITS-matched-local,B,24,0.049776716666666665,0.011796731713845862,0.04283468475,0.056712067999999984,10
SAITS-matched-local,B,72,0.05528491000000001,0.015023695191181933,0.047031543333333335,0.06442932483333334,10
SAITS-matched-local,B,168,0.05283757481481481,0.015542493528239575,0.04435080766666667,0.06258918926851852,10
SAITS-matched-local,C,6,0.038903837777777776,0.013713750039480244,0.030828687222222227,0.047768442444444434,9
SAITS-matched-local,C,12,0.043895406666666664,0.011152786400043713,0.03759252888888889,0.05123952722222222,9
SAITS-matched-local,C,24,0.04889852,0.009696281961339613,0.04331082055555555,0.05522811555555555,9
SAITS-matched-local,C,72,0.052168219999999994,0.00851158903891042,0.047220393,0.05760939322222223,9
SAITS-matched-local,C,168,0.06089080172839507,0.011813651597090932,0.054290048907407414,0.06865273886419752,9
SAITS-spatial,A,6,0.041316135999999996,0.007491106772147595,0.0368399378,0.04569435325000001,10
SAITS-spatial,A,12,0.049664546,0.020289898604208722,0.03878350375000001,0.06254561674999999,10
SAITS-spatial,A,24,0.04397087399999999,0.010380179690964676,0.037950276250000005,0.050127206249999993,10
SAITS-spatial,A,72,0.04941205408695652,0.013577191710630923,0.0416509662,0.05753768083913043,10
SAITS-spatial,A,168,0.05949535961561562,0.019687034980200822,0.04823875345,0.07152001096861864,10
SAITS-spatial,B,6,0.04354212,0.020944230404041593,0.03223083616666667,0.05681063124999999,10
SAITS-spatial,B,12,0.04446496666666667,0.019107656190376403,0.034531078166666666,0.05687907666666666,10
SAITS-spatial,B,24,0.04460344000000001,0.013188402969844847,0.036991008416666665,0.052425029916666664,10
SAITS-spatial,B,72,0.05205253,0.012670534716190361,0.04505237000000001,0.05995443808333333,10
SAITS-spatial,B,168,0.05141671,0.016575050593610658,0.042238832999999996,0.06193671316666665,10
SAITS-spatial,C,6,0.03455526222222222,0.013149579096345421,0.026842300611111113,0.04289165555555556,9
SAITS-spatial,C,12,0.039074535555555547,0.009751848054378093,0.03341811333333333,0.045341211111111106,9
SAITS-spatial,C,24,0.03876631333333333,0.011983618219953435,0.03197385333333334,0.04651976788888888,9
SAITS-spatial,C,72,0.04116463333333334,0.008141915339193841,0.036380692388888886,0.04628268844444445,9
SAITS-spatial,C,168,0.04789336814814815,0.013194792259065604,0.04025047072222223,0.05617857061111111,9
SeasonalNaive,A,6,0.05621560999999999,0.010013982435376158,0.050236607600000004,0.06193435064999999,10
SeasonalNaive,A,12,0.06186312199999999,0.018791623697039884,0.05244402075,0.07445977349999999,10
SeasonalNaive,A,24,0.058363255999999995,0.011063240866247307,0.05188350230000001,0.06496498585,10
SeasonalNaive,A,72,0.06585305469565217,0.012456631906019035,0.059337182649999994,0.07407621594565218,10
SeasonalNaive,A,168,0.07154508082882884,0.013943622659535906,0.06391627905,0.0803663013707207,10
SeasonalNaive,B,6,0.05356712,0.0159815418611149,0.04423071858333333,0.06282765133333333,10
SeasonalNaive,B,12,0.054277346666666657,0.020014076562649724,0.042591221,0.06628115999999999,10
SeasonalNaive,B,24,0.05711665666666667,0.016578085666943156,0.0472107855,0.0665527505,10
SeasonalNaive,B,72,0.06569478999999999,0.01706655691250914,0.05636750249999999,0.07632050541666666,10
SeasonalNaive,B,168,0.06931337333333334,0.01828716570523076,0.05901018908333333,0.08057332033333334,10
SeasonalNaive,C,6,0.048365622222222224,0.014953301115614725,0.03922961044444445,0.05768106938888889,9
SeasonalNaive,C,12,0.05582011333333334,0.0156286273970493,0.04743074894444445,0.06651018855555554,9
SeasonalNaive,C,24,0.05368603555555556,0.008289362452829395,0.04866803372222223,0.05875575994444444,9
SeasonalNaive,C,72,0.058943415555555566,0.010441625273015585,0.053000288888888886,0.06574884699999999,9
SeasonalNaive,C,168,0.07120428691358024,0.014800663837946865,0.06275169850617283,0.0807536200185185,9
Spatial-Ridge,A,6,0.067128732,0.013830492280536271,0.059651622999999994,0.07577829604999999,10
Spatial-Ridge,A,12,0.061094062000000005,0.021804147351603548,0.04992466095,0.07545514910000001,10
Spatial-Ridge,A,24,0.058339936,0.012405470523577893,0.0516742852,0.06608223469999999,10
Spatial-Ridge,A,72,0.06224155139130434,0.012623589205852395,0.05548638275652173,0.07024507005652174,10
Spatial-Ridge,A,168,0.0642908609129129,0.016514416668359004,0.055385196391291296,0.07472846355555554,10
Spatial-Ridge,B,6,0.07321031333333333,0.029307475649212527,0.05803111999999999,0.09242915691666666,10
Spatial-Ridge,B,12,0.07876876666666668,0.036032144763920845,0.06265149050000002,0.10297528633333333,10
Spatial-Ridge,B,24,0.08044259666666667,0.024162320016614634,0.06874546258333332,0.09654900824999998,10
Spatial-Ridge,B,72,0.07791956666666668,0.01524933805630774,0.06914605425,0.08691709033333334,10
Spatial-Ridge,B,168,0.07848001740740741,0.025791109341984315,0.06526725338888889,0.09561314773148148,10
Spatial-Ridge,C,6,0.05744108888888888,0.018140999686189044,0.04728091494444445,0.06937414616666665,9
Spatial-Ridge,C,12,0.0654488488888889,0.010835216985695817,0.05922667366666667,0.07244134444444444,9
Spatial-Ridge,C,24,0.05753746888888889,0.015508569938818056,0.0489214085,0.06772819644444443,9
Spatial-Ridge,C,72,0.060716195555555554,0.015071204788422783,0.052329775555555555,0.07074538427777777,9
Spatial-Ridge,C,168,0.06279049308641975,0.015101053166987215,0.054274762222222224,0.07256819392592592,9
TimesFM2.5,A,6,0.037636824,0.006184106357298704,0.03416050435,0.04143728865,10
TimesFM2.5,A,12,0.049543767999999995,0.017431817846124433,0.04060731459999999,0.06126829649999999,10
TimesFM2.5,A,24,0.047929214000000005,0.006579355342011015,0.04397032815,0.0516901253,10
TimesFM2.5,A,72,0.05765693834782608,0.01249842140807534,0.0517308205,0.06612669745869565,10
TimesFM2.5,A,168,0.06883770501501503,0.025686668642022153,0.056769916286486484,0.08624250258963966,10
TimesFM2.5,B,6,0.04108105333333333,0.01899879915173458,0.030405291833333334,0.052889011166666666,10
TimesFM2.5,B,12,0.045377459999999994,0.019726201751445106,0.03496143225,0.05810920375,10
TimesFM2.5,B,24,0.04930354000000001,0.015649345518613175,0.04016088,0.05861874391666667,10
TimesFM2.5,B,72,0.05866747333333333,0.014815723525669825,0.0503555485,0.06768988483333332,10
TimesFM2.5,B,168,0.06675693814814815,0.02976437621585203,0.051916278083333336,0.0866632753148148,10
TimesFM2.5,C,6,0.03271371111111111,0.011001582127467444,0.02635083133333334,0.03973939511111111,9
TimesFM2.5,C,12,0.04337446444444445,0.01708434954055254,0.03461642666666667,0.0551561983888889,9
TimesFM2.5,C,24,0.04675364888888889,0.009804644739454414,0.04123578666666667,0.05321062083333333,9
TimesFM2.5,C,72,0.050915328888888896,0.008889658407847353,0.045886415722222226,0.05675121116666666,9
TimesFM2.5,C,168,0.06783597061728396,0.02745484745721505,0.05410077333333333,0.08682775830864198,9
TimesFM3.0,A,6,0.035954788,0.006894886837464411,0.0320932238,0.04012660900000001,10
TimesFM3.0,A,12,0.04758589,0.016913591292328587,0.03903844239999999,0.058886053699999996,10
TimesFM3.0,A,24,0.045816308,0.0066440011186312525,0.0418187165,0.049625675599999995,10
TimesFM3.0,A,72,0.055892187391304346,0.01196060118095832,0.04978259198478262,0.06382272078260869,10
TimesFM3.0,A,168,0.06783310479879881,0.024748800685301636,0.05626833815000001,0.08457508881666666,10
TimesFM3.0,B,6,0.03896369,0.01885022319114715,0.028549810416666672,0.050795402249999996,10
TimesFM3.0,B,12,0.045034306666666676,0.019623210438521995,0.03463134666666665,0.05780588666666666,10
TimesFM3.0,B,24,0.045985830000000005,0.014975788359457795,0.037314699833333326,0.05493715033333334,10
TimesFM3.0,B,72,0.05660587666666668,0.01611925697369339,0.0474555065,0.06633788216666665,10
TimesFM3.0,B,168,0.06644038333333334,0.029036039610738203,0.05220321666666668,0.08589241091666668,10
TimesFM3.0,C,6,0.03075920444444444,0.011157872142710624,0.02435545166666667,0.0379307388888889,9
TimesFM3.0,C,12,0.04269976444444445,0.017630260374622314,0.03402056027777778,0.054971528166666665,9
TimesFM3.0,C,24,0.04403224444444445,0.0102075466698065,0.03852551766666666,0.0509307065,9
TimesFM3.0,C,72,0.05028405777777778,0.008182056854431193,0.04544530477777778,0.05546841522222222,9
TimesFM3.0,C,168,0.06593266765432099,0.027169197241723425,0.05227600222222222,0.08471870277777778,9
TimesFM3.0-COV,A,6,0.034158115999999995,0.006577916946577474,0.030385873599999995,0.03803641235,10
TimesFM3.0-COV,A,12,0.038333231999999995,0.016419587206889213,0.030497159899999998,0.04930191455,10
TimesFM3.0-COV,A,24,0.03418201,0.007416714103705974,0.029969985350000006,0.03866424535,10
TimesFM3.0-COV,A,72,0.0408932647826087,0.010518625141009957,0.03514472361304347,0.0476748610326087,10
TimesFM3.0-COV,A,168,0.047045090858858864,0.014894647067199597,0.03881441908108109,0.056538503242942934,10
TimesFM3.0-COV,B,6,0.04103205333333333,0.019557964749224322,0.030721120416666668,0.05327614266666666,10
TimesFM3.0-COV,B,12,0.04190642666666666,0.019841851273039827,0.03173085258333332,0.05489652816666667,10
TimesFM3.0-COV,B,24,0.04114433666666667,0.014686227444807087,0.03246049333333333,0.049689018499999994,10
TimesFM3.0-COV,B,72,0.04784357,0.014273653139362295,0.039745663916666674,0.05635636091666666,10
TimesFM3.0-COV,B,168,0.05222687962962963,0.01483507633576738,0.043712509,0.06113248562037037,10
TimesFM3.0-COV,C,6,0.03641234,0.012695441928664794,0.02905591383333333,0.04454531727777777,9
TimesFM3.0-COV,C,12,0.04817847555555556,0.018139571787089623,0.039790495111111115,0.06086771461111111,9
TimesFM3.0-COV,C,24,0.04503626222222222,0.00903904866744529,0.03987915072222222,0.05096995777777778,9
TimesFM3.0-COV,C,72,0.04998089555555555,0.008114226430552561,0.04515361344444445,0.05508521555555555,9
TimesFM3.0-COV,C,168,0.06272711777777779,0.017146627338049437,0.05326525577777778,0.07424791777777778,9
TimesFM3.0-COV-SPA,A,6,0.028747386000000003,0.00578101003839333,0.0252427246,0.03191441405,10
TimesFM3.0-COV-SPA,A,12,0.03377505200000001,0.017261987280782144,0.0256362508,0.04523255249999999,10
TimesFM3.0-COV-SPA,A,24,0.029249056000000002,0.006026530513652298,0.025827065,0.0328953234,10
TimesFM3.0-COV-SPA,A,72,0.034811528,0.009946472959370291,0.029440866,0.041236534949999994,10
TimesFM3.0-COV-SPA,A,168,0.04055690873873874,0.013816907705973429,0.032813424370270274,0.049105006694144145,10
TimesFM3.0-COV-SPA,B,6,0.03816370333333333,0.018649149076251693,0.0284562335,0.05011227658333334,10
TimesFM3.0-COV-SPA,B,12,0.03819235333333333,0.020491049559705845,0.027909185500000003,0.05156694791666665,10
TimesFM3.0-COV-SPA,B,24,0.039016756666666666,0.015003504766726924,0.030303123416666664,0.047838114499999994,10
TimesFM3.0-COV-SPA,B,72,0.04372726666666667,0.013323022619242206,0.03615029808333334,0.051626498083333326,10
TimesFM3.0-COV-SPA,B,168,0.048395346666666665,0.016427320060441918,0.038797817666666665,0.058206247833333336,10
TimesFM3.0-COV-SPA,C,6,0.029426013333333334,0.01026029594075629,0.023501182722222222,0.036008715222222216,9
TimesFM3.0-COV-SPA,C,12,0.03745149111111111,0.015981310938621745,0.03007291244444444,0.048586063833333325,9
TimesFM3.0-COV-SPA,C,24,0.03479035333333333,0.008722757132363597,0.029768954722222223,0.04046636894444443,9
TimesFM3.0-COV-SPA,C,72,0.03746322444444445,0.005598339943195462,0.03405071777777778,0.04093210377777777,9
TimesFM3.0-COV-SPA,C,168,0.04738883160493827,0.014749944509895278,0.039121141888888884,0.057233165481481475,9
TimesFM3.0-MV,A,6,0.0355245,0.006273710844950095,0.03196382815,0.0392800349,10
TimesFM3.0-MV,A,12,0.04637029599999999,0.0178409115209629,0.03756699045000001,0.058411553449999994,10
TimesFM3.0-MV,A,24,0.045622892,0.0071360917946836355,0.04128136965,0.04963295460000001,10
TimesFM3.0-MV,A,72,0.054876118260869564,0.012007004367640439,0.04863784924999999,0.06290889016086958,10
TimesFM3.0-MV,A,168,0.06182652183183183,0.012690095027827924,0.05489768775405406,0.06991880978603603,10
TimesFM3.0-MV,B,6,0.03798219333333334,0.018275701492505302,0.028035816750000005,0.04956151425,10
TimesFM3.0-MV,B,12,0.043223643333333325,0.019505786348506755,0.032938604583333336,0.05580563316666667,10
TimesFM3.0-MV,B,24,0.04508156333333334,0.015245783094127947,0.03633315633333333,0.05417091749999999,10
TimesFM3.0-MV,B,72,0.054964863333333336,0.014930650993418592,0.04641273,0.06384341841666666,10
TimesFM3.0-MV,B,168,0.06098341666666666,0.018120035299465858,0.050915800416666664,0.07222590050000001,10
TimesFM3.0-MV,C,6,0.03066708444444445,0.011191526056855599,0.024160680777777777,0.037803266499999995,9
TimesFM3.0-MV,C,12,0.04213724,0.016925416189098572,0.03400410727777778,0.05394819983333333,9
TimesFM3.0-MV,C,24,0.04302135333333334,0.010656219954153539,0.03708284444444444,0.05013344427777778,9
TimesFM3.0-MV,C,72,0.04883246222222223,0.008664255728551904,0.043861838333333326,0.05447415738888889,9
TimesFM3.0-MV,C,168,0.060292343950617285,0.015415717426892104,0.051909175555555555,0.0707364377962963,9
