model,mean,sd,low,high,n_sites
AG-DeepAR,0.06060577472589858,0.010966451527467771,0.054725640080291196,0.06770388341347511,10
AG-LightGBM,0.05050137579873454,0.010989993332711416,0.04453087872977389,0.05756323006853569,10
AG-PatchTST,0.06484963156701136,0.011460548688599184,0.05871226245984585,0.07226948486255393,10
AG-RandomForest,0.0552493848061665,0.011137212575243593,0.049324036483963676,0.0624856862942857,10
BiTFI-Chronos2,0.031095373577258084,0.008985742308885157,0.02611569115238095,0.03675742934493193,10
BiTFI-TimesFM3,0.03013770085035552,0.008709929109244185,0.025318733256715676,0.03564828251532192,10
BiTFI-TimesFM3-fwd,0.0345162697694374,0.008703728815043402,0.029585015743847205,0.0398548178343113,10
Chronos2,0.04843053835278506,0.009287893871008314,0.043347023411205894,0.05433473931036083,10
LI,0.10272110285602983,0.018223452176883804,0.09200496755430969,0.11326617811134182,10
MOMENT,0.06581439198975048,0.009703703777671298,0.06044701991690305,0.07187328441141859,10
MOMENT-FT,0.06159938456465802,0.009459066919908093,0.056382227538660505,0.0675723939848916,10
SAITS,0.05604098386868023,0.01227760478663255,0.04920249606453839,0.06368584488534108,10
SAITS-matched-local,0.04691852148936105,0.010292788041374588,0.04126870640977046,0.053466504596839215,10
SAITS-spatial,0.04752991731361174,0.013159594799362129,0.04004436350118561,0.05548794242243696,10
SeasonalNaive,0.061635848816916604,0.009189592240846098,0.05646860036095238,0.06732457696941886,10
Spatial-Ridge,0.06450884704931657,0.01502591353931233,0.05662369793142857,0.07425505484642,10
TimesFM2.5,0.05162218268391888,0.0114643303910294,0.04554324617761905,0.0590982646871488,10
TimesFM3.0,0.049898139983458135,0.010988253798656658,0.044042127952034944,0.05704121735726179,10
TimesFM3.0-COV,0.04075704197116709,0.009275160732092143,0.03561258092115478,0.04666347303191965,10
TimesFM3.0-COV-SPA,0.03486256986802022,0.00872667689848821,0.029937751054669413,0.0402226578415728,10
TimesFM3.0-MV,0.04818866687355049,0.009358175672351515,0.043074386852857145,0.05413090566481791,10
