panel,scenario,variable,model,R2,MAE
A,A,Tin,SAITS-spatial,0.8812657493321067,0.8349410643180211
A,A,Tin,MOMENT-FT,0.9074930851115222,0.653593507077959
A,A,Tin,Spatial-Ridge,0.7698385963481761,1.0405761319444449
A,A,Tin,TimesFM3.0-COV-SPA,0.9260419044211535,0.5184205694444444
A,A,Tin,BiTFI-TimesFM3,0.9341117107329047,0.5001216597222222
B,A,Tout,SAITS-spatial,0.8983378530390035,1.1252007902496395
B,A,Tout,MOMENT-FT,0.6581631100943104,2.1461016767554812
B,A,Tout,Spatial-Ridge,0.8351007262881693,1.6497537836111111
B,A,Tout,TimesFM3.0-COV-SPA,0.9121008159042794,1.1284387144180554
B,A,Tout,BiTFI-TimesFM3,0.9019795222501923,1.094119343986111
C,A,RH,SAITS-spatial,0.7075082703858124,3.75864786406358
C,A,RH,MOMENT-FT,0.18563847387155796,6.364626919229825
C,A,RH,Spatial-Ridge,-0.02116409984575207,7.254655236111112
C,A,RH,TimesFM3.0-COV-SPA,0.8679517138133136,2.485554152777777
C,A,RH,BiTFI-TimesFM3,0.8881979390547553,2.4394239722222224
D,A,CO2,SAITS-spatial,0.6375548351774918,62.11097309655614
D,A,CO2,MOMENT-FT,0.6392102821948065,60.295499689049194
D,A,CO2,Spatial-Ridge,0.6819994979401887,58.049430694444446
D,A,CO2,TimesFM3.0-COV-SPA,0.7636647268236819,48.92349930555556
D,A,CO2,BiTFI-TimesFM3,0.7708890521540332,42.234718055555554
E,A,Rad,SAITS-spatial,0.8991155707782745,33.49524246524015
E,A,Rad,MOMENT-FT,0.7659772118065513,66.47627746510423
E,A,Rad,Spatial-Ridge,0.8703392218368508,49.93503236111111
E,A,Rad,TimesFM3.0-COV-SPA,0.9376413533927137,29.337809874583336
E,A,Rad,BiTFI-TimesFM3,0.9487119719060181,25.45067373534445
F,B,Tin,SAITS-spatial,0.8860383685460956,0.8242554184463288
F,B,Tin,MOMENT-FT,0.9074930851115222,0.653593507077959
F,B,Tin,Spatial-Ridge,0.7698385963481761,1.0405761319444449
F,B,Tin,TimesFM3.0-COV-SPA,0.8990302380221834,0.5852664305555556
F,B,Tin,BiTFI-TimesFM3,0.9272209291723416,0.530973673611111
H,B,RH,SAITS-spatial,0.8111682563053642,3.287980771727032
H,B,RH,MOMENT-FT,0.18563847387155796,6.364626919229825
H,B,RH,Spatial-Ridge,-0.02116409984575207,7.254655236111112
H,B,RH,TimesFM3.0-COV-SPA,0.882396123827396,2.388419041666666
H,B,RH,BiTFI-TimesFM3,0.8937332481503408,2.4067405555555554
I,B,CO2,SAITS-spatial,0.6578551923990397,60.50095993280411
I,B,CO2,MOMENT-FT,0.6392102821948065,60.295499689049194
I,B,CO2,Spatial-Ridge,0.6819994979401887,58.049430694444446
I,B,CO2,TimesFM3.0-COV-SPA,0.7470188425132526,50.27711361111111
I,B,CO2,BiTFI-TimesFM3,0.7712469517926346,42.503260694444435
K,C,Tin,SAITS-spatial,0.8447306883957915,0.9740121447377733
K,C,Tin,MOMENT-FT,0.9074930851115222,0.653593507077959
K,C,Tin,Spatial-Ridge,0.7698385963481761,1.0405761319444449
K,C,Tin,TimesFM3.0-COV-SPA,0.8705517714523092,0.7334734097222222
K,C,Tin,BiTFI-TimesFM3,0.9042665844035989,0.6007399444444445
L,C,Tout,SAITS-spatial,0.9161969040597112,1.056115278353293
L,C,Tout,MOMENT-FT,0.6581631100943104,2.1461016767554812
L,C,Tout,Spatial-Ridge,0.8351007262881693,1.6497537836111111
L,C,Tout,TimesFM3.0-COV-SPA,0.9037325940845133,1.1989303656250003
L,C,Tout,BiTFI-TimesFM3,0.9046813419195694,1.0268249539444443
M,C,RH,SAITS-spatial,0.6042627918869228,4.808809672792752
M,C,RH,MOMENT-FT,0.18563847387155796,6.364626919229825
M,C,RH,Spatial-Ridge,-0.02116409984575207,7.254655236111112
M,C,RH,TimesFM3.0-COV-SPA,0.733565843075519,3.652536916666667
M,C,RH,BiTFI-TimesFM3,0.8886324732305176,2.490291597222223
N,C,CO2,SAITS-spatial,0.6471718952717129,60.907262240846954
N,C,CO2,MOMENT-FT,0.6392102821948065,60.295499689049194
N,C,CO2,Spatial-Ridge,0.6819994979401887,58.049430694444446
N,C,CO2,TimesFM3.0-COV-SPA,0.7443748845972775,50.66755333333333
N,C,CO2,BiTFI-TimesFM3,0.7743200271537338,42.95255569444444
O,C,Rad,SAITS-spatial,0.8871700439427095,36.44319970383852
O,C,Rad,MOMENT-FT,0.7659772118065513,66.47627746510423
O,C,Rad,Spatial-Ridge,0.8703392218368508,49.93503236111111
O,C,Rad,TimesFM3.0-COV-SPA,0.7864037369770905,57.28984090119444
O,C,Rad,BiTFI-TimesFM3,0.9207014042734532,30.925798681472227
