model,variable,period,mean,sd,low,high,n_sites
BiTFI-refine0,CO2,light,45.92451932664427,21.263473424924335,34.00035542461111,58.68354611071197,10
BiTFI-refine0,CO2,low-light,42.13637521462158,20.223972026511984,30.713575319041016,54.00486338643193,10
BiTFI-refine0,RH,light,5.36090632795839,1.2160317001142225,4.6529166921889615,6.059512074087194,10
BiTFI-refine0,RH,low-light,3.5617642141200543,1.5528600916545583,2.7129352401450593,4.5564875444479105,10
BiTFI-refine0,Rad,light,104.57657191605662,21.48600480001485,92.36100110490598,117.12578039880053,10
BiTFI-refine0,Rad,low-light,6.295912672808171,4.98518049756498,3.917238401234175,9.591672498098013,10
BiTFI-refine0,Tin,light,2.027350431786036,0.592814455477122,1.6869116117959218,2.4173509029555187,9
BiTFI-refine0,Tin,low-light,1.0211098542261252,0.21765843956861822,0.8940176855966756,1.161555332074474,9
BiTFI-refine0,Tout,light,2.3134757968439223,0.4063951340333597,2.0750198242026894,2.548676740867284,10
BiTFI-refine0,Tout,low-light,2.2596396282802886,0.3142541732841501,2.0743288211306483,2.438651240647025,10
BiTFI-refine1,CO2,light,42.6122554285336,21.363486649317053,30.85451957705031,55.54259791678474,10
BiTFI-refine1,CO2,low-light,38.44131921282132,19.439811946263394,27.470090561183504,49.89524347996001,10
BiTFI-refine1,RH,light,4.003025482625127,1.036972056671852,3.397262871919416,4.6188561589258095,10
BiTFI-refine1,RH,low-light,2.7889140252282703,1.3098315929497144,2.152487552028263,3.6789766668363737,10
BiTFI-refine1,Rad,light,56.763053667488066,14.149283163629777,48.220894913821205,64.9428707136485,10
BiTFI-refine1,Rad,low-light,4.656551899081452,1.81992730770239,3.6506922716668817,5.781540787336233,10
BiTFI-refine1,Tin,light,1.363247162375416,0.3395699523744978,1.163385893985394,1.5794885992398688,9
BiTFI-refine1,Tin,low-light,0.7978887425317512,0.1692834743651101,0.7075017094772749,0.9119748050531984,9
BiTFI-refine1,Tout,light,0.9685050214555042,0.2532584354487262,0.812432397704701,1.1119329943513079,10
BiTFI-refine1,Tout,low-light,1.000977209680735,0.21823447420376743,0.8696051224788786,1.1247021667980635,10
LI,CO2,light,109.95473579689838,47.37648036798252,81.36867946677576,136.77310493822134,10
LI,CO2,low-light,96.9710785775472,46.88882752924898,69.22096534974305,123.62168420313478,10
LI,RH,light,9.212697930088563,2.421509046846308,7.891686238163026,10.683229719182092,10
LI,RH,low-light,6.462292324449793,2.145151075202649,5.234172193067171,7.75360647703274,10
LI,Rad,light,250.14129360672118,45.957543787049055,222.37564614168753,275.97032397072184,10
LI,Rad,low-light,124.90338825698639,45.13674269695692,99.69299641415849,152.59787279666656,10
LI,Tin,light,4.498787335880258,1.026772017387221,3.9017778792618,5.1692404171959865,9
LI,Tin,low-light,2.927099107292266,0.7047903058768621,2.502858260046901,3.381806799467662,9
LI,Tout,light,4.580568435150423,0.9171204645623947,4.016979727482079,5.114433851885665,10
LI,Tout,low-light,3.652264666351086,0.7011641576404566,3.234977684528001,4.0504311262796895,10
SAITS-matched-local,CO2,light,68.33497057056314,23.01040003618447,55.15640141691742,81.92250050311848,10
SAITS-matched-local,CO2,low-light,61.22762814890526,23.146503992408654,48.311394469081996,74.98884444138578,10
SAITS-matched-local,RH,light,5.3793968527555425,1.0368326047245038,4.776889074725584,5.987405161552971,10
SAITS-matched-local,RH,low-light,3.822854846761758,1.4879506921698964,3.018434911602926,4.778160512684826,10
SAITS-matched-local,Rad,light,94.6443018715001,19.637940988427573,82.77621262488448,105.8127647007281,10
SAITS-matched-local,Rad,low-light,6.129526765341508,1.2409311297871468,5.32074195326482,6.778027714271987,10
SAITS-matched-local,Tin,light,1.8786673640151637,0.5565541774475012,1.559495752932198,2.23596854884726,9
SAITS-matched-local,Tin,low-light,1.130947935958318,0.2784213017354261,0.9766776888094856,1.3148370494144905,9
SAITS-matched-local,Tout,light,2.749350880561007,0.46189085348391423,2.4818108285754414,3.0157849808757655,10
SAITS-matched-local,Tout,low-light,2.6176518418901615,0.3078041512402399,2.442704490758497,2.803657607464373,10
SAITS-spatial,CO2,light,63.40481199166385,22.604034640903933,50.661372935959896,77.10639839831441,10
SAITS-spatial,CO2,low-light,58.156466127405736,20.450362529687514,47.000900174887725,70.43538115891411,10
SAITS-spatial,RH,light,4.515589186465486,1.3390931112577764,3.7337196893420095,5.318270658775026,10
SAITS-spatial,RH,low-light,3.5212832250830615,1.4514097407188336,2.7923820186054047,4.5100839801950805,10
SAITS-spatial,Rad,light,69.53575556413332,12.082877113451225,62.09631287272164,76.47251537183037,10
SAITS-spatial,Rad,low-light,6.25325403804239,1.5184658570359872,5.410363596194651,7.188896014104416,10
SAITS-spatial,Tin,light,1.857107495934341,0.6997796332041802,1.4495881912836384,2.2977740706526775,9
SAITS-spatial,Tin,low-light,1.2485013807859813,0.49976082865212,0.9803680977493962,1.5909857206282936,9
SAITS-spatial,Tout,light,1.6219233972585858,0.8736390071735499,1.2376546894340803,2.2027673096441545,10
SAITS-spatial,Tout,low-light,1.6037532410865218,0.8155856880153786,1.2398243532065534,2.1501999011801063,10
