model,greenhouse,scenario,NMAE
BiTFI-refine0,PF_0000574_01,A,0.04125663617021277
BiTFI-refine0,PF_0000574_01,B,0.038734340425531914
BiTFI-refine0,PF_0000574_01,C,0.03722754808510638
BiTFI-refine0,PF_0001396_01,A,0.04345637276595745
BiTFI-refine0,PF_0001396_01,B,0.042115781560283685
BiTFI-refine0,PF_0001396_01,C,0.042425731914893614
BiTFI-refine0,PF_0002529_01,A,0.04663531319148936
BiTFI-refine0,PF_0002529_01,B,0.049602670921985816
BiTFI-refine0,PF_0002529_01,C,0.043110894042553194
BiTFI-refine0,PF_0010077_01,A,0.05279202340425532
BiTFI-refine0,PF_0010077_01,B,0.05315403758865248
BiTFI-refine0,PF_0010077_01,C,0.051004566382978726
BiTFI-refine0,PF_0022097_01,A,0.046205467659574465
BiTFI-refine0,PF_0022097_01,B,0.041688516312056736
BiTFI-refine0,PF_0022097_01,C,0.045654500425531916
BiTFI-refine0,PF_0024693_01,A,0.04117113446808511
BiTFI-refine0,PF_0024693_01,B,0.03397536595744681
BiTFI-refine0,PF_0024693_01,C,0.040243837021276596
BiTFI-refine0,PF_0025100_01,A,0.056541247162022704
BiTFI-refine0,PF_0025100_01,B,0.06051011515151516
BiTFI-refine0,PF_0025101_01,A,0.06606860425531914
BiTFI-refine0,PF_0025101_01,B,0.07506357021276597
BiTFI-refine0,PF_0025101_01,C,0.07080407957446809
BiTFI-refine0,PF_0025102_01,A,0.0619928850678733
BiTFI-refine0,PF_0025102_01,B,0.05986781221719457
BiTFI-refine0,PF_0025102_01,C,0.06102520271493213
BiTFI-refine0,PF_0025103_01,A,0.04787748765957447
BiTFI-refine0,PF_0025103_01,B,0.04333745460992908
BiTFI-refine0,PF_0025103_01,C,0.05013568680851064
BiTFI-refine1,PF_0000574_01,A,0.02318791404255319
BiTFI-refine1,PF_0000574_01,B,0.026177959574468085
BiTFI-refine1,PF_0000574_01,C,0.027556066382978722
BiTFI-refine1,PF_0001396_01,A,0.028122396170212765
BiTFI-refine1,PF_0001396_01,B,0.02707046453900709
BiTFI-refine1,PF_0001396_01,C,0.032971579574468085
BiTFI-refine1,PF_0002529_01,A,0.030432246382978725
BiTFI-refine1,PF_0002529_01,B,0.03932400283687943
BiTFI-refine1,PF_0002529_01,C,0.03540897617021277
BiTFI-refine1,PF_0010077_01,A,0.039009807659574465
BiTFI-refine1,PF_0010077_01,B,0.04578979503546099
BiTFI-refine1,PF_0010077_01,C,0.04253209319148936
BiTFI-refine1,PF_0022097_01,A,0.025624831914893616
BiTFI-refine1,PF_0022097_01,B,0.029094791489361702
BiTFI-refine1,PF_0022097_01,C,0.03422789489361702
BiTFI-refine1,PF_0024693_01,A,0.022154976595744683
BiTFI-refine1,PF_0024693_01,B,0.029674839716312056
BiTFI-refine1,PF_0024693_01,C,0.02834621914893617
BiTFI-refine1,PF_0025100_01,A,0.04151048400412796
BiTFI-refine1,PF_0025100_01,B,0.05203374646464647
BiTFI-refine1,PF_0025101_01,A,0.05038115361702128
BiTFI-refine1,PF_0025101_01,B,0.06615430070921986
BiTFI-refine1,PF_0025101_01,C,0.05601751574468085
BiTFI-refine1,PF_0025102_01,A,0.037783948868778276
BiTFI-refine1,PF_0025102_01,B,0.04627967345399698
BiTFI-refine1,PF_0025102_01,C,0.044793127149321266
BiTFI-refine1,PF_0025103_01,A,0.023539647234042553
BiTFI-refine1,PF_0025103_01,B,0.030124541134751773
BiTFI-refine1,PF_0025103_01,C,0.03641128
BiTFI-refine2,PF_0000574_01,A,0.02318791404255319
BiTFI-refine2,PF_0000574_01,B,0.025295436170212765
BiTFI-refine2,PF_0000574_01,C,0.025266993617021276
BiTFI-refine2,PF_0001396_01,A,0.028122396170212765
BiTFI-refine2,PF_0001396_01,B,0.025984997872340425
BiTFI-refine2,PF_0001396_01,C,0.029847236595744682
BiTFI-refine2,PF_0002529_01,A,0.030432246382978725
BiTFI-refine2,PF_0002529_01,B,0.03832833333333333
BiTFI-refine2,PF_0002529_01,C,0.03314799489361702
BiTFI-refine2,PF_0010077_01,A,0.039009807659574465
BiTFI-refine2,PF_0010077_01,B,0.04524933333333333
BiTFI-refine2,PF_0010077_01,C,0.04092009914893617
BiTFI-refine2,PF_0022097_01,A,0.025624831914893616
BiTFI-refine2,PF_0022097_01,B,0.028827111347517732
BiTFI-refine2,PF_0022097_01,C,0.03131729063829787
BiTFI-refine2,PF_0024693_01,A,0.022154976595744683
BiTFI-refine2,PF_0024693_01,B,0.029693739716312055
BiTFI-refine2,PF_0024693_01,C,0.02520507659574468
BiTFI-refine2,PF_0025100_01,A,0.04151048400412796
BiTFI-refine2,PF_0025100_01,B,0.051227405050505055
BiTFI-refine2,PF_0025101_01,A,0.05038115361702128
BiTFI-refine2,PF_0025101_01,B,0.06472553262411347
BiTFI-refine2,PF_0025101_01,C,0.052827293191489356
BiTFI-refine2,PF_0025102_01,A,0.037783948868778276
BiTFI-refine2,PF_0025102_01,B,0.046974950226244344
BiTFI-refine2,PF_0025102_01,C,0.03976223484162896
BiTFI-refine2,PF_0025103_01,A,0.023539647234042553
BiTFI-refine2,PF_0025103_01,B,0.029409728368794325
BiTFI-refine2,PF_0025103_01,C,0.033131471914893615
BiTFI-refine3,PF_0000574_01,A,0.02318791404255319
BiTFI-refine3,PF_0000574_01,B,0.024676512765957444
BiTFI-refine3,PF_0000574_01,C,0.025230190212765957
BiTFI-refine3,PF_0001396_01,A,0.028122396170212765
BiTFI-refine3,PF_0001396_01,B,0.02575785744680851
BiTFI-refine3,PF_0001396_01,C,0.02910141106382979
BiTFI-refine3,PF_0002529_01,A,0.030432246382978725
BiTFI-refine3,PF_0002529_01,B,0.03840217092198581
BiTFI-refine3,PF_0002529_01,C,0.032396910638297874
BiTFI-refine3,PF_0010077_01,A,0.039009807659574465
BiTFI-refine3,PF_0010077_01,B,0.04520999361702128
BiTFI-refine3,PF_0010077_01,C,0.04066863404255319
BiTFI-refine3,PF_0022097_01,A,0.025624831914893616
BiTFI-refine3,PF_0022097_01,B,0.02880820709219858
BiTFI-refine3,PF_0022097_01,C,0.03031056978723404
BiTFI-refine3,PF_0024693_01,A,0.022154976595744683
BiTFI-refine3,PF_0024693_01,B,0.03004031276595745
BiTFI-refine3,PF_0024693_01,C,0.024073717446808512
BiTFI-refine3,PF_0025100_01,A,0.04151048400412796
BiTFI-refine3,PF_0025100_01,B,0.05121308282828283
BiTFI-refine3,PF_0025101_01,A,0.05038115361702128
BiTFI-refine3,PF_0025101_01,B,0.0644017879432624
BiTFI-refine3,PF_0025101_01,C,0.052608990638297874
BiTFI-refine3,PF_0025102_01,A,0.037783948868778276
BiTFI-refine3,PF_0025102_01,B,0.04696069230769231
BiTFI-refine3,PF_0025102_01,C,0.03883137963800905
BiTFI-refine3,PF_0025103_01,A,0.023539647234042553
BiTFI-refine3,PF_0025103_01,B,0.029344222695035463
BiTFI-refine3,PF_0025103_01,C,0.03144966170212766
BiTFI-refine5,PF_0000574_01,A,0.02318791404255319
BiTFI-refine5,PF_0000574_01,B,0.02490777021276596
BiTFI-refine5,PF_0000574_01,C,0.025163047234042554
BiTFI-refine5,PF_0001396_01,A,0.028122396170212765
BiTFI-refine5,PF_0001396_01,B,0.025756473758865247
BiTFI-refine5,PF_0001396_01,C,0.028889749361702126
BiTFI-refine5,PF_0002529_01,A,0.030432246382978725
BiTFI-refine5,PF_0002529_01,B,0.038511150354609926
BiTFI-refine5,PF_0002529_01,C,0.03197661021276596
BiTFI-refine5,PF_0010077_01,A,0.039009807659574465
BiTFI-refine5,PF_0010077_01,B,0.045193939007092204
BiTFI-refine5,PF_0010077_01,C,0.04121273106382979
BiTFI-refine5,PF_0022097_01,A,0.025624831914893616
BiTFI-refine5,PF_0022097_01,B,0.02883336595744681
BiTFI-refine5,PF_0022097_01,C,0.029590121276595743
BiTFI-refine5,PF_0024693_01,A,0.022154976595744683
BiTFI-refine5,PF_0024693_01,B,0.03005745815602837
BiTFI-refine5,PF_0024693_01,C,0.023730315319148935
BiTFI-refine5,PF_0025100_01,A,0.04151048400412796
BiTFI-refine5,PF_0025100_01,B,0.05126303232323232
BiTFI-refine5,PF_0025101_01,A,0.05038115361702128
BiTFI-refine5,PF_0025101_01,B,0.06427951560283689
BiTFI-refine5,PF_0025101_01,C,0.05289984
BiTFI-refine5,PF_0025102_01,A,0.037783948868778276
BiTFI-refine5,PF_0025102_01,B,0.04708781297134238
BiTFI-refine5,PF_0025102_01,C,0.03816182443438914
BiTFI-refine5,PF_0025103_01,A,0.023539647234042553
BiTFI-refine5,PF_0025103_01,B,0.029320040425531914
BiTFI-refine5,PF_0025103_01,C,0.030780306382978722
