model,variable,stratum,mean,sd,low,high,n_sites
BiTFI-TimesFM3,CO2,change_high,0.054708772910528766,0.027937225635053815,0.03918032178354949,0.0713567507783414,10
BiTFI-TimesFM3,CO2,change_low,0.032223287977218594,0.018185077020106077,0.021643758283561795,0.042994765064542945,10
BiTFI-TimesFM3,RH,change_high,0.07157887101304938,0.04785829478378103,0.05018625361011947,0.10372526846650829,10
BiTFI-TimesFM3,RH,change_low,0.037508662828323505,0.016362354868583503,0.030236375028667436,0.04839388389077453,10
BiTFI-TimesFM3,Rad,change_high,0.05865045860527375,0.008769079518347668,0.05343986926683285,0.06374067221574513,10
BiTFI-TimesFM3,Rad,change_low,0.01701460773843231,0.0024962849714466437,0.01563510102136634,0.018554363678539645,10
BiTFI-TimesFM3,Rad,radiation_positive,0.049398315739643706,0.010444684295321567,0.042767591114945686,0.05502042214738588,10
BiTFI-TimesFM3,Rad,radiation_zero,0.005261093133471979,0.005829822487446696,0.003293078818719406,0.009006431173831235,10
BiTFI-TimesFM3,Tin,change_high,0.043671411217429866,0.018952483890455164,0.033349958239652054,0.05557195223626315,10
BiTFI-TimesFM3,Tin,change_low,0.025714222070528786,0.008358917502430516,0.02104120385310361,0.030898773846202245,10
BiTFI-TimesFM3,Tout,change_high,0.02542510522955619,0.0050929186361041235,0.0225150917870392,0.028532133123747437,10
BiTFI-TimesFM3,Tout,change_low,0.023536430183189797,0.004829067085306446,0.020663815201150217,0.02633075710497631,10
MOMENT-FT,CO2,change_high,0.07710054147914144,0.036267497710174526,0.05584255587893565,0.09819659735114204,10
MOMENT-FT,CO2,change_low,0.05767714604454356,0.030656866792857135,0.03955855890599747,0.07528940084373704,10
MOMENT-FT,RH,change_high,0.12152447551048626,0.04614657525127176,0.09673550268000394,0.1516724710680193,10
MOMENT-FT,RH,change_low,0.07472626072713287,0.013795995671163791,0.06741182452628153,0.08364259425294575,10
MOMENT-FT,Rad,change_high,0.1817639874855414,0.028142663638993735,0.16566084674495582,0.1992287070823513,10
MOMENT-FT,Rad,change_low,0.07779108196360486,0.011228023119082206,0.07110036353197736,0.0842664947981802,10
MOMENT-FT,Rad,radiation_positive,0.16981203822643115,0.031094616016200817,0.14941989152552487,0.18602365353691774,10
MOMENT-FT,Rad,radiation_zero,0.03328551790347815,0.005952308487269178,0.029711867291331042,0.03667567991585094,10
MOMENT-FT,Tin,change_high,0.08831808309082853,0.0320736663249517,0.07210726387609767,0.10946391916035873,10
MOMENT-FT,Tin,change_low,0.05531496838187524,0.012745321259655634,0.04865852810202118,0.06351055284717773,10
MOMENT-FT,Tout,change_high,0.06382684761991686,0.005217090717733285,0.060766510523714415,0.06698040768190744,10
MOMENT-FT,Tout,change_low,0.0685413783949799,0.007504449205414324,0.06472505392323682,0.07352589669845602,10
SAITS-spatial,CO2,change_high,0.07292320356724855,0.038015288290670295,0.05096217044180875,0.09546951270423341,10
SAITS-spatial,CO2,change_low,0.05207996874628993,0.02935534369989256,0.03486977159598232,0.06909925657884022,10
SAITS-spatial,RH,change_high,0.0859323883254362,0.04476007834625675,0.06613558500401621,0.11588148793363467,10
SAITS-spatial,RH,change_low,0.05317557177007466,0.016688192748656624,0.04577609450406303,0.06444533949210136,10
SAITS-spatial,Rad,change_high,0.07308939448835326,0.00871833398490672,0.06868594119886567,0.07871724227727513,10
SAITS-spatial,Rad,change_low,0.02276980867887319,0.0040920900585250854,0.020473055458344522,0.02529596132755043,10
SAITS-spatial,Rad,radiation_positive,0.061986829897071126,0.011847265391420852,0.05444381347047628,0.068564018336819,10
SAITS-spatial,Rad,radiation_zero,0.006310457312422408,0.002297461370963821,0.0051223463019511375,0.007819587644356736,10
SAITS-spatial,Tin,change_high,0.05819100419999912,0.022824961273855825,0.04571223795918964,0.07256418959806982,10
SAITS-spatial,Tin,change_low,0.04239312153489272,0.021118704819056894,0.03256844552252185,0.056303036181131735,10
SAITS-spatial,Tout,change_high,0.042949479449190385,0.0149460306626426,0.035145690205888,0.052443042055514706,10
SAITS-spatial,Tout,change_low,0.0448189880257271,0.02093192029974619,0.034380629144458046,0.058459843671609876,10
Spatial-Ridge,CO2,change_high,0.08191181267817657,0.0416348868841177,0.05775304040442451,0.10626085361646233,10
Spatial-Ridge,CO2,change_low,0.06232689179662267,0.0375134895849151,0.04097882162974718,0.08465068903879447,10
Spatial-Ridge,RH,change_high,0.1245599435975332,0.05641809795409805,0.10171144458612556,0.16221924316736225,10
Spatial-Ridge,RH,change_low,0.0969156907289251,0.04257954002311437,0.07682045157802371,0.1261010836324581,10
Spatial-Ridge,Rad,change_high,0.07357498867803888,0.02174269204559364,0.06129133386811661,0.08693635328353658,10
Spatial-Ridge,Rad,change_low,0.027293884224331044,0.012482029153670356,0.02147955753927978,0.035545785528449315,10
Spatial-Ridge,Rad,radiation_positive,0.06499829529870518,0.021577442384364803,0.052257218483296876,0.07770250440629799,10
Spatial-Ridge,Rad,radiation_zero,0.01195941519726294,0.010476372967759892,0.007122217565220821,0.01890581963231762,10
Spatial-Ridge,Tin,change_high,0.07885650404675967,0.03052601368853944,0.063449333705324,0.09872475200470203,10
Spatial-Ridge,Tin,change_low,0.05697262402355748,0.015607614940881354,0.04793440092045587,0.06617329653028173,10
Spatial-Ridge,Tout,change_high,0.03957878774763406,0.023200661055910187,0.028782627394790178,0.05505378927068667,10
Spatial-Ridge,Tout,change_low,0.03931293253302707,0.027545997087260767,0.026483776148621654,0.057574894054127176,10
TimesFM3.0-COV-SPA,CO2,change_high,0.06078249337510418,0.030279229231884152,0.04359706483260299,0.07864284949329266,10
TimesFM3.0-COV-SPA,CO2,change_low,0.038140439499843214,0.021728826796556928,0.025602216880268428,0.05102890000387156,10
TimesFM3.0-COV-SPA,RH,change_high,0.08231891061586119,0.04704654309219354,0.060117590903276695,0.1137342205831356,10
TimesFM3.0-COV-SPA,RH,change_low,0.047147451835483606,0.01818233831726158,0.038668618292046555,0.059193264201253225,10
TimesFM3.0-COV-SPA,Rad,change_high,0.06674594727206248,0.012377524201741106,0.05906263129861059,0.07358508114404957,10
TimesFM3.0-COV-SPA,Rad,change_low,0.020577618684272696,0.0035692240375308692,0.018488092706517516,0.022617498947673502,10
TimesFM3.0-COV-SPA,Rad,radiation_positive,0.059011819687930046,0.014834255782183187,0.049077443696158615,0.06620548113312852,10
TimesFM3.0-COV-SPA,Rad,radiation_zero,0.004146150160870833,0.0005916350776929665,0.003816635853777048,0.004511607613855952,10
TimesFM3.0-COV-SPA,Tin,change_high,0.051984787869259995,0.018931298039157763,0.041059112008236004,0.06357495718885582,10
TimesFM3.0-COV-SPA,Tin,change_low,0.03228871675770254,0.008976018307371785,0.027289328593316373,0.03792868332821611,10
TimesFM3.0-COV-SPA,Tout,change_high,0.03124993769114225,0.014723801475792926,0.02471704891127757,0.041058525346249396,10
TimesFM3.0-COV-SPA,Tout,change_low,0.03027727336599975,0.013746241835261139,0.023756054333711384,0.03951870474844211,10
