scenario,gap_length_h,variable_cases,sites,evaluated_hours,overall_weight,mask_cases
A,6,500,10,3000,0.009124465671169701,500
A,12,500,10,6000,0.018248931342339403,500
A,24,500,10,12000,0.036497862684678806,500
A,72,496,10,35712,0.10785424379174133,496
A,168,482,10,80976,0.24061686725408082,482
B,6,300,10,1800,0.00547467940270182,100
B,12,300,10,3600,0.01094935880540364,100
B,24,300,10,7200,0.02189871761080728,100
B,72,300,10,21600,0.06569615283242185,100
B,168,282,10,47376,0.13748487445080915,94
C,6,450,9,2700,0.0074168153979456575,90
C,12,450,9,5400,0.014833630795891315,90
C,24,450,9,10800,0.02966726159178263,90
C,72,450,9,32400,0.08900178477534788,90
C,168,445,9,74760,0.20523435359287864,89
