scenario,variable,variable_cases,left_min,left_median,right_min,right_median,left_short_cases,right_short_cases,left_observed_median,right_observed_median
A,CO2,499,1446,1900.0,9,1900.0,55,186,1900.0,1862.0
A,RH,499,1446,1900.0,9,1900.0,55,181,1900.0,1896.0
A,Rad,487,1441,1900.0,12,1900.0,80,132,1900.0,1800.0
A,Tin,494,1446,1900.0,9,1900.0,44,181,1900.0,1896.0
A,Tout,499,1446,1900.0,12,1900.0,56,132,1900.0,1806.0
B,CO2,494,1456,1900.0,9,1900.0,45,166,1900.0,1896.0
B,RH,494,1456,1900.0,9,1900.0,45,166,1900.0,1896.0
B,Tin,494,1456,1900.0,9,1900.0,45,166,1900.0,1896.0
C,CO2,449,1484,1900.0,3,1900.0,43,129,1900.0,1900.0
C,RH,449,1484,1900.0,3,1900.0,43,129,1900.0,1900.0
C,Rad,449,1484,1900.0,3,1900.0,43,129,1900.0,1857.0
C,Tin,449,1484,1900.0,3,1900.0,43,129,1900.0,1900.0
C,Tout,449,1484,1900.0,3,1900.0,43,129,1900.0,1857.0
