model,mean,sd,ci_low,ci_high,n_greenhouses,rank_main_eight,outputs,normalizer
AG-LightGBM,0.06113534047487631,0.01850736899583808,0.05162127008856051,0.07331389373184226,10,4,original_saved_arrays,full_range_common
BiTFI-TimesFM3,0.0345965552056608,0.010132702314902264,0.029002869493867427,0.04090896484401576,10,1,original_saved_arrays,full_range_common
LI,0.12058634294744275,0.021917357900913845,0.10780307828493771,0.13338277582018382,10,8,original_saved_arrays,full_range_common
MOMENT-FT,0.07540029018399783,0.01266192855009811,0.06841150198789737,0.08330344023361656,10,7,original_saved_arrays,full_range_common
SAITS-spatial,0.050939832247091685,0.014916636550799006,0.04250972621009746,0.060013281641420425,10,3,original_saved_arrays,full_range_common
SeasonalNaive,0.06685691535731351,0.012130179604625195,0.060108262227885956,0.0743708941460895,10,6,original_saved_arrays,full_range_common
Spatial-Ridge,0.06642301982895829,0.015383575869068238,0.05812264047563198,0.07623172882151891,10,5,original_saved_arrays,full_range_common
TimesFM3.0-COV-SPA,0.04165762130363877,0.011469069561961304,0.035264465800267694,0.04872628235448142,10,2,original_saved_arrays,full_range_common
AG-LightGBM,0.08504413831947236,0.01875328929140155,0.07523345525653834,0.09715300923694786,10,4,original_saved_arrays,p01_p99_common
BiTFI-TimesFM3,0.049256379463919746,0.009081136624641651,0.044214150550034664,0.05486178292198339,10,1,original_saved_arrays,p01_p99_common
LI,0.16528308726369562,0.012937715420298673,0.15779294377117706,0.17304794546623736,10,8,original_saved_arrays,p01_p99_common
MOMENT-FT,0.10322776006477466,0.009438219713612282,0.09786002872275995,0.10892066648420565,10,7,original_saved_arrays,p01_p99_common
SAITS-spatial,0.07189908475419057,0.01334048561820506,0.06432525214230404,0.07997375107320094,10,3,original_saved_arrays,p01_p99_common
SeasonalNaive,0.09304234154606857,0.010506884886885165,0.08692915791146581,0.09917603410039359,10,6,original_saved_arrays,p01_p99_common
Spatial-Ridge,0.09246236059408855,0.01430571507470248,0.0845837323871469,0.1011401728865488,10,5,original_saved_arrays,p01_p99_common
TimesFM3.0-COV-SPA,0.05897354669820237,0.010215698989639647,0.05308568315799081,0.06512493181907854,10,2,original_saved_arrays,p01_p99_common
AG-LightGBM,0.060670139172286044,0.018550031628741172,0.05112467703612435,0.07288620394119745,10,4,clipped_common_bounds,full_range_common
BiTFI-TimesFM3,0.03446832644920302,0.01015138519842624,0.02886283486538691,0.040789206532902945,10,1,clipped_common_bounds,full_range_common
LI,0.12058634294744275,0.021917357900913845,0.10780307828493771,0.13338277582018382,10,8,clipped_common_bounds,full_range_common
MOMENT-FT,0.0745660501187088,0.012656648414092806,0.06757003018340986,0.08245165098984159,10,7,clipped_common_bounds,full_range_common
SAITS-spatial,0.05049206881568661,0.014881072708653513,0.04212172204288712,0.05956698312597262,10,3,clipped_common_bounds,full_range_common
SeasonalNaive,0.06685691535731351,0.012130179604625195,0.060108262227885956,0.0743708941460895,10,6,clipped_common_bounds,full_range_common
Spatial-Ridge,0.06641991385599609,0.015378501086814541,0.058122605697117455,0.07622626169986754,10,5,clipped_common_bounds,full_range_common
TimesFM3.0-COV-SPA,0.0415072808431884,0.011486950143364047,0.03510464241532949,0.04858164973915583,10,2,clipped_common_bounds,full_range_common
AG-LightGBM,0.08449515738574517,0.01880659441637672,0.07461512153490661,0.09661734195679182,10,4,clipped_common_bounds,p01_p99_common
BiTFI-TimesFM3,0.049099138745259126,0.00909972568856033,0.04403477757654407,0.05471424276911999,10,1,clipped_common_bounds,p01_p99_common
LI,0.16528308726369562,0.012937715420298673,0.15779294377117706,0.17304794546623736,10,8,clipped_common_bounds,p01_p99_common
MOMENT-FT,0.10224463044862102,0.00940285152048627,0.09690749859837332,0.10791837934865199,10,7,clipped_common_bounds,p01_p99_common
SAITS-spatial,0.07137193847947437,0.013358163298673315,0.06383801431377831,0.07947570224376964,10,3,clipped_common_bounds,p01_p99_common
SeasonalNaive,0.09304234154606857,0.010506884886885165,0.08692915791146581,0.09917603410039359,10,6,clipped_common_bounds,p01_p99_common
Spatial-Ridge,0.09245883521050663,0.014301137006421025,0.08458198802718084,0.10113490260802908,10,5,clipped_common_bounds,p01_p99_common
TimesFM3.0-COV-SPA,0.058795902238636746,0.010227810739468214,0.052906373060499154,0.06496596857825064,10,2,clipped_common_bounds,p01_p99_common
