model,variable,mean,sd,ci_low,ci_high,n_greenhouses,outputs
AG-LightGBM,CO2,58.44570076246259,25.126030586477363,44.6176647454628,73.19940249745572,10,original_saved_arrays
AG-LightGBM,RH,5.926744321707427,2.6770400042643874,4.515311822662217,7.708311739511307,10,original_saved_arrays
AG-LightGBM,Rad,48.49961379850008,12.231557515650701,42.08753018667,56.16987646469458,10,original_saved_arrays
AG-LightGBM,Tin,1.6523719238042556,0.5350247723811618,1.3394554272127999,1.9786826403014748,10,original_saved_arrays
AG-LightGBM,Tout,2.6609993920445163,0.6817866865734873,2.3483426489478987,3.1221128177763036,10,original_saved_arrays
BiTFI-TimesFM3,CO2,40.61225429640014,16.609698512307595,31.547848747280874,50.63454995699239,10,original_saved_arrays
BiTFI-TimesFM3,RH,3.2624971601576065,1.7767999401897172,2.56570598923241,4.441063170098702,10,original_saved_arrays
BiTFI-TimesFM3,Rad,24.530040988289226,5.870911996996179,21.038937727539558,28.06157706332572,10,original_saved_arrays
BiTFI-TimesFM3,Tin,0.9840661321506431,0.3681581973842684,0.7878077865533375,1.2250798239151264,10,original_saved_arrays
BiTFI-TimesFM3,Tout,1.0451858583168137,0.1421225775973626,0.9574833445669048,1.1239503291932196,10,original_saved_arrays
LI,CO2,107.08763892866234,37.877093424017986,85.98369724515857,129.4700135512619,10,original_saved_arrays
LI,RH,8.511303597365346,2.234764386882541,7.235339304728655,9.856090392503344,10,original_saved_arrays
LI,Rad,174.7900738483548,32.01406370231721,156.09984202207872,193.0083475567836,10,original_saved_arrays
LI,Tin,3.5755791839093347,0.8920094574518559,3.0946093322626504,4.1456191917164515,10,original_saved_arrays
LI,Tout,4.126935944835518,0.5233516105314545,3.8373569577977045,4.446387537627884,10,original_saved_arrays
MOMENT-FT,CO2,65.8539595921794,23.176528068249112,53.02918830786983,79.55220795315557,10,original_saved_arrays
MOMENT-FT,RH,6.140304053405439,1.7715760322608758,5.18421166158269,7.298748765153658,10,original_saved_arrays
MOMENT-FT,Rad,92.3648425116763,18.625361113056563,81.62892140987711,103.38251465790051,10,original_saved_arrays
MOMENT-FT,Tin,2.0674967377179287,0.4937515122311152,1.7926871030146962,2.3736464556803845,10,original_saved_arrays
MOMENT-FT,Tout,2.988341571989675,0.29607576098437605,2.810413742643854,3.16060330479725,10,original_saved_arrays
SAITS-spatial,CO2,57.779276379460626,16.651661401526855,48.94672171250254,67.87555549088827,10,original_saved_arrays
SAITS-spatial,RH,4.33335497525225,1.7502922677800026,3.6170705651224515,5.525419174326488,10,original_saved_arrays
SAITS-spatial,Rad,31.44407305662572,7.12128943451686,27.466318548891014,35.79293609008461,10,original_saved_arrays
SAITS-spatial,Tin,1.473219581809806,0.4088486094607573,1.2408295708410186,1.7256625335442768,10,original_saved_arrays
SAITS-spatial,Tout,1.9284196954075543,0.695354347805082,1.5739530443872596,2.3719446131689885,10,original_saved_arrays
SeasonalNaive,CO2,62.85988061820167,29.46711999156103,46.870574079234224,80.40754167649905,10,original_saved_arrays
SeasonalNaive,RH,5.8856023591014965,1.945780214494789,4.935962164554076,7.207831544139608,10,original_saved_arrays
SeasonalNaive,Rad,58.54679049121178,15.242294787417174,51.10249315619725,68.46102583030418,10,original_saved_arrays
SeasonalNaive,Tin,1.8224699279857055,0.5943186351570107,1.4724797927737927,2.187470393356616,10,original_saved_arrays
SeasonalNaive,Tout,3.4107793879589927,0.3134852497585852,3.218630812259298,3.5876272175496995,10,original_saved_arrays
Spatial-Ridge,CO2,67.99088406151974,20.686355925006655,56.382578592928226,80.06142084384585,10,original_saved_arrays
Spatial-Ridge,RH,7.2643376549097285,3.3265933258297053,5.781925181470006,9.546785688215028,10,original_saved_arrays
Spatial-Ridge,Rad,35.52684874288134,16.533000008805114,26.50607264059464,45.752610993829194,10,original_saved_arrays
Spatial-Ridge,Tin,2.1542497353893646,0.9381360407377209,1.6170779356389806,2.7256544458528493,10,original_saved_arrays
Spatial-Ridge,Tout,1.7061478612283103,1.0241437830294344,1.2019961925178142,2.378290246300106,10,original_saved_arrays
TimesFM3.0-COV-SPA,CO2,46.95167787827752,19.571014680629165,36.507580511650275,58.86818297283171,10,original_saved_arrays
TimesFM3.0-COV-SPA,RH,3.9479486844490106,1.8353544888384976,3.1782104712736934,5.177820672091238,10,original_saved_arrays
TimesFM3.0-COV-SPA,Rad,28.509842652117065,7.140101271961126,24.34211079750254,32.76292058906738,10,original_saved_arrays
TimesFM3.0-COV-SPA,Tin,1.2209370961508343,0.4025858488236941,0.9979414603081623,1.4745332433467009,10,original_saved_arrays
TimesFM3.0-COV-SPA,Tout,1.3014816198634005,0.38184036184091036,1.1061735214675508,1.5481828278805612,10,original_saved_arrays
AG-LightGBM,CO2,58.43915702074039,25.11282662368352,44.6176647454628,73.18631501401133,10,clipped_common_bounds
AG-LightGBM,RH,5.8967540841604755,2.6828122861386867,4.486452458335752,7.6813619432598506,10,clipped_common_bounds
AG-LightGBM,Rad,46.19259855580837,12.032590212001336,39.82966702765574,53.713062526147986,10,clipped_common_bounds
AG-LightGBM,Tin,1.6523719238042556,0.5350247723811618,1.3394554272127999,1.9786826403014748,10,clipped_common_bounds
AG-LightGBM,Tout,2.6609993920445163,0.6817866865734873,2.3483426489478987,3.1221128177763036,10,clipped_common_bounds
BiTFI-TimesFM3,CO2,40.59346157584895,16.60029829699074,31.5334429289108,50.61550084485973,10,clipped_common_bounds
BiTFI-TimesFM3,RH,3.2619252581408915,1.7769782146714894,2.5649340098772315,4.440417834233027,10,clipped_common_bounds
BiTFI-TimesFM3,Rad,23.76088275344285,5.724051635494068,20.36839450671895,27.198588427318064,10,clipped_common_bounds
BiTFI-TimesFM3,Tin,0.9840661321506431,0.3681581973842684,0.7878077865533375,1.2250798239151264,10,clipped_common_bounds
BiTFI-TimesFM3,Tout,1.0451858583168137,0.1421225775973626,0.9574833445669048,1.1239503291932196,10,clipped_common_bounds
LI,CO2,107.08763892866234,37.877093424017986,85.98369724515857,129.4700135512619,10,clipped_common_bounds
LI,RH,8.511303597365346,2.234764386882541,7.235339304728655,9.856090392503344,10,clipped_common_bounds
LI,Rad,174.7900738483548,32.01406370231721,156.09984202207872,193.0083475567836,10,clipped_common_bounds
LI,Tin,3.5755791839093347,0.8920094574518559,3.0946093322626504,4.1456191917164515,10,clipped_common_bounds
LI,Tout,4.126935944835518,0.5233516105314545,3.8373569577977045,4.446387537627884,10,clipped_common_bounds
MOMENT-FT,CO2,65.8539595921794,23.176528068249112,53.02918830786983,79.55220795315557,10,clipped_common_bounds
MOMENT-FT,RH,6.134159592284177,1.768301110180246,5.179682380117881,7.293012955065771,10,clipped_common_bounds
MOMENT-FT,Rad,87.28753291496307,18.203556112063808,76.71875770884941,98.02964457827021,10,clipped_common_bounds
MOMENT-FT,Tin,2.0674967377179287,0.4937515122311152,1.7926871030146962,2.3736464556803845,10,clipped_common_bounds
MOMENT-FT,Tout,2.988341571989675,0.29607576098437605,2.810413742643854,3.16060330479725,10,clipped_common_bounds
SAITS-spatial,CO2,57.779276379460626,16.651661401526855,48.94672171250254,67.87555549088827,10,clipped_common_bounds
SAITS-spatial,RH,4.325433268552095,1.7517950754914149,3.609531788580473,5.519054232721368,10,clipped_common_bounds
SAITS-spatial,Rad,29.00822604348072,7.512293093459584,24.789943567057755,33.603589197544274,10,clipped_common_bounds
SAITS-spatial,Tin,1.473219581809806,0.4088486094607573,1.2408295708410186,1.7256625335442768,10,clipped_common_bounds
SAITS-spatial,Tout,1.9284196954075543,0.695354347805082,1.5739530443872596,2.3719446131689885,10,clipped_common_bounds
SeasonalNaive,CO2,62.85988061820167,29.46711999156103,46.870574079234224,80.40754167649905,10,clipped_common_bounds
SeasonalNaive,RH,5.8856023591014965,1.945780214494789,4.935962164554076,7.207831544139608,10,clipped_common_bounds
SeasonalNaive,Rad,58.54679049121178,15.242294787417174,51.10249315619725,68.46102583030418,10,clipped_common_bounds
SeasonalNaive,Tin,1.8224699279857055,0.5943186351570107,1.4724797927737927,2.187470393356616,10,clipped_common_bounds
SeasonalNaive,Tout,3.4107793879589927,0.3134852497585852,3.218630812259298,3.5876272175496995,10,clipped_common_bounds
Spatial-Ridge,CO2,67.99088406151974,20.686355925006655,56.382578592928226,80.06142084384585,10,clipped_common_bounds
Spatial-Ridge,RH,7.263401811078319,3.3245758886926042,5.781905111875889,9.544411875821925,10,clipped_common_bounds
Spatial-Ridge,Rad,35.52684874288134,16.533000008805114,26.50607264059464,45.752610993829194,10,clipped_common_bounds
Spatial-Ridge,Tin,2.1542497353893646,0.9381360407377209,1.6170779356389806,2.7256544458528493,10,clipped_common_bounds
Spatial-Ridge,Tout,1.7061478612283103,1.0241437830294344,1.2019961925178142,2.378290246300106,10,clipped_common_bounds
TimesFM3.0-COV-SPA,CO2,46.95167787827752,19.571014680629165,36.507580511650275,58.86818297283171,10,clipped_common_bounds
TimesFM3.0-COV-SPA,RH,3.946719093122713,1.8357411177137162,3.176225508911531,5.1763259027635184,10,clipped_common_bounds
TimesFM3.0-COV-SPA,Rad,27.604324914290906,7.004519176978415,23.519433944263763,31.768819396911905,10,clipped_common_bounds
TimesFM3.0-COV-SPA,Tin,1.2209370961508343,0.4025858488236941,0.9979414603081623,1.4745332433467009,10,clipped_common_bounds
TimesFM3.0-COV-SPA,Tout,1.3014816198634005,0.38184036184091036,1.1061735214675508,1.5481828278805612,10,clipped_common_bounds
