model,mean,sd,ci_low,ci_high,n_greenhouses,subset
AG-DeepAR,0.07200781304076527,0.018189369529724192,0.06285346301882161,0.0841083943165571,10,all
AG-LightGBM,0.0611353362246602,0.01850737315484773,0.05162126196644844,0.07331389240378093,10,all
AG-PatchTST,0.07256594954959407,0.018702629532867138,0.06301405643721465,0.08490070298384554,10,all
AG-RandomForest,0.06731904586990543,0.018521308039410486,0.057878382321838694,0.07956083051281185,10,all
BiTFI-Chronos2,0.036695444959933814,0.010800508344893657,0.03056009277241857,0.04340550746308959,10,all
BiTFI-TimesFM3,0.03459656504959375,0.010132700101904714,0.029002886255944927,0.04090897738560289,10,all
BiTFI-TimesFM3-fwd,0.039419169038461085,0.010623053672839736,0.03335538049960844,0.045993085489930086,10,all
Chronos2,0.057162999932502845,0.012530026743077944,0.05035560692622727,0.06508444308664045,10,all
LI,0.12058634456361975,0.021917364228674206,0.10780307796101639,0.13338278285917038,10,all
MOMENT,0.08328123344713395,0.013273774247413049,0.0760332465105198,0.0916175197585783,10,all
MOMENT-FT,0.07540028707493443,0.012661930508543143,0.06841150124788793,0.08330343856245498,10,all
SAITS,0.0627298837902359,0.015062831639012822,0.054386551472610005,0.07213978040421586,10,all
SAITS-matched-local,0.05459939695714343,0.011410296654773451,0.0482663390107605,0.06176875799157836,10,all
SAITS-spatial,0.050939837103280386,0.014916627053092157,0.0425097422487725,0.06001328934789127,10,all
SeasonalNaive,0.06685691909648778,0.012130172023608004,0.060108270946744785,0.07437088798984004,10,all
Spatial-Ridge,0.06642300593786994,0.015383568207583619,0.05812263145052893,0.07623171040311605,10,all
TimesFM2.5,0.061416470326533946,0.01895797960330445,0.05192209424046371,0.07408506934796019,10,all
TimesFM3.0,0.05997949150038345,0.01841368534284131,0.0506863252274456,0.0722858001048509,10,all
TimesFM3.0-COV,0.04921947689263178,0.011128909510410916,0.04315132113175123,0.05634696607114225,10,all
TimesFM3.0-COV-SPA,0.04095275803920244,0.010500662866707934,0.03504391489390799,0.0474425713564151,10,all
TimesFM3.0-MV,0.05635388598404747,0.012274162116188096,0.04962245329091653,0.06407890453641454,10,all
AG-DeepAR,0.07185374543762889,0.018325878022138267,0.06260731593673609,0.08403047968212114,10,exclude_existing_48h_constant_cases
AG-LightGBM,0.0610084694172781,0.018631341085553733,0.05138472647086541,0.07323803073625142,10,exclude_existing_48h_constant_cases
AG-PatchTST,0.0724090227023133,0.018858662650431707,0.06276763091438678,0.08485514967811467,10,exclude_existing_48h_constant_cases
AG-RandomForest,0.06718304441711077,0.018662647816718857,0.05764039987853281,0.07947498868040652,10,exclude_existing_48h_constant_cases
BiTFI-Chronos2,0.036597815458594404,0.01091467855814235,0.030386193434841814,0.04336178413977416,10,exclude_existing_48h_constant_cases
BiTFI-TimesFM3,0.034500674379615605,0.010244422104373306,0.028785171028360278,0.04088320033603364,10,exclude_existing_48h_constant_cases
BiTFI-TimesFM3-fwd,0.039232289643280564,0.010848901718939007,0.03304187065092611,0.0458676115906533,10,exclude_existing_48h_constant_cases
Chronos2,0.057052225483856814,0.012654472671860068,0.05018635908424037,0.06506436553463464,10,exclude_existing_48h_constant_cases
LI,0.12058971256862636,0.021913763623881612,0.10780981397102965,0.13338278285917038,10,exclude_existing_48h_constant_cases
MOMENT,0.08314455039325158,0.013403080754199567,0.07577259234190789,0.09154874935636642,10,exclude_existing_48h_constant_cases
MOMENT-FT,0.0752585695704945,0.012810083661330024,0.06818904864428209,0.0832463070758746,10,exclude_existing_48h_constant_cases
SAITS,0.06263910263449715,0.015172169858474282,0.05420186403973072,0.07208964582993824,10,exclude_existing_48h_constant_cases
SAITS-matched-local,0.05448648418107767,0.011537798249292,0.04808235968501821,0.06170276691541596,10,exclude_existing_48h_constant_cases
SAITS-spatial,0.05076071274849262,0.015130587845844989,0.04218831625766925,0.05996011097690841,10,exclude_existing_48h_constant_cases
SeasonalNaive,0.0667251865179445,0.012316535229844544,0.05984977262996752,0.07431212826224462,10,exclude_existing_48h_constant_cases
Spatial-Ridge,0.0662283572329814,0.015582550296297274,0.057789988468168255,0.07613219963734182,10,exclude_existing_48h_constant_cases
TimesFM2.5,0.06128129184300775,0.019083689629129413,0.051686715694583815,0.0740053761329902,10,exclude_existing_48h_constant_cases
TimesFM3.0,0.059858086139570124,0.018530655191493987,0.050445392615832675,0.07225312584335539,10,exclude_existing_48h_constant_cases
TimesFM3.0-COV,0.049066032302588145,0.011300335021670601,0.04282237349801246,0.056273025584559974,10,exclude_existing_48h_constant_cases
TimesFM3.0-COV-SPA,0.04076639552097426,0.010745227349414289,0.03467526547832936,0.047381720572204154,10,exclude_existing_48h_constant_cases
TimesFM3.0-MV,0.05624989794682058,0.012396678592037915,0.04942868328512984,0.06402611109129305,10,exclude_existing_48h_constant_cases
