group,variable,position_class,duration_bin_hours,runs,missing_hours,n_sites,max_hours
test,CO2,internal,1-5,11,18,6,4
test,CO2,internal,168-335,2,475,2,240
test,CO2,internal,24-71,3,156,3,66
test,CO2,internal,6-23,3,28,2,11
test,CO2,internal,72-167,1,96,1,96
test,CO2,leading,720+,1,1512,1,1512
test,CO2,trailing,720+,1,3408,1,3408
test,RH,internal,1-5,11,18,6,4
test,RH,internal,168-335,1,240,1,240
test,RH,internal,24-71,3,156,3,66
test,RH,internal,6-23,3,28,2,11
test,RH,internal,72-167,1,96,1,96
test,RH,leading,720+,1,1512,1,1512
test,RH,trailing,720+,1,3408,1,3408
test,Rad,internal,1-5,11,18,5,4
test,Rad,internal,24-71,4,222,2,66
test,Rad,internal,6-23,4,54,4,23
test,Rad,internal,72-167,2,194,2,98
test,Rad,internal,720+,1,1640,1,1640
test,Rad,leading,720+,1,1512,1,1512
test,Rad,trailing,336-719,1,360,1,360
test,Rad,trailing,720+,3,9848,3,5336
test,Tin,internal,1-5,11,18,6,4
test,Tin,internal,168-335,1,240,1,240
test,Tin,internal,24-71,5,216,4,66
test,Tin,internal,6-23,68,1509,3,23
test,Tin,leading,720+,1,2640,1,2640
test,Tin,trailing,720+,1,3408,1,3408
test,Tout,internal,1-5,11,18,5,4
test,Tout,internal,24-71,4,222,2,66
test,Tout,internal,6-23,3,41,3,23
test,Tout,internal,72-167,2,194,2,98
test,Tout,internal,720+,1,1640,1,1640
test,Tout,leading,720+,1,1512,1,1512
test,Tout,trailing,336-719,1,360,1,360
test,Tout,trailing,720+,3,7920,3,3408
train,CO2,internal,1-5,10,15,5,4
train,CO2,internal,168-335,4,799,4,247
train,CO2,internal,24-71,18,732,10,71
train,CO2,internal,336-719,2,984,2,528
train,CO2,internal,72-167,3,264,3,96
train,CO2,internal,720+,3,3720,2,1488
train,CO2,trailing,24-71,1,24,1,24
train,CO2,trailing,720+,4,10671,4,4848
train,RH,internal,1-5,13,21,6,4
train,RH,internal,168-335,4,799,4,247
train,RH,internal,24-71,19,777,11,71
train,RH,internal,336-719,2,984,2,528
train,RH,internal,6-23,1,8,1,8
train,RH,internal,72-167,3,264,3,96
train,RH,internal,720+,4,4896,3,1488
train,RH,trailing,24-71,1,24,1,24
train,RH,trailing,720+,3,5823,3,2640
train,Rad,internal,1-5,31,50,6,4
train,Rad,internal,168-335,3,631,3,247
train,Rad,internal,24-71,19,736,9,71
train,Rad,internal,336-719,2,801,2,456
train,Rad,internal,6-23,213,4802,5,23
train,Rad,internal,72-167,5,515,4,165
train,Rad,internal,720+,1,1084,1,1084
train,Rad,trailing,24-71,1,24,1,24
train,Rad,trailing,720+,9,22981,9,4848
train,Tin,internal,1-5,13,21,6,4
train,Tin,internal,168-335,2,415,2,247
train,Tin,internal,24-71,13,609,10,71
train,Tin,internal,336-719,2,984,2,528
train,Tin,internal,6-23,25,537,4,23
train,Tin,internal,72-167,1,96,1,96
train,Tin,internal,720+,4,4896,3,1488
train,Tin,leading,720+,1,2712,1,2712
train,Tin,trailing,24-71,1,24,1,24
train,Tin,trailing,720+,3,5823,3,2640
train,Tout,internal,1-5,7,9,4,3
train,Tout,internal,168-335,4,799,4,247
train,Tout,internal,24-71,16,652,9,71
train,Tout,internal,336-719,2,984,2,528
train,Tout,internal,6-23,3,43,2,21
train,Tout,internal,72-167,5,422,4,96
train,Tout,internal,720+,3,3720,2,1488
train,Tout,trailing,24-71,1,24,1,24
train,Tout,trailing,336-719,1,350,1,350
train,Tout,trailing,720+,7,18783,7,4848
