model,greenhouse,score,normalizer
AG-DeepAR,PF_0000574_01,0.05814200424403012,full_range_all
AG-DeepAR,PF_0001396_01,0.057834273888361015,full_range_all
AG-DeepAR,PF_0002529_01,0.06241363044060835,full_range_all
AG-DeepAR,PF_0010077_01,0.06990221884209334,full_range_all
AG-DeepAR,PF_0022097_01,0.06216922498689696,full_range_all
AG-DeepAR,PF_0024693_01,0.06301868405505522,full_range_all
AG-DeepAR,PF_0025100_01,0.07813477134616349,full_range_all
AG-DeepAR,PF_0025101_01,0.08882121874626091,full_range_all
AG-DeepAR,PF_0025102_01,0.11585556686068949,full_range_all
AG-DeepAR,PF_0025103_01,0.06378658376409214,full_range_all
AG-LightGBM,PF_0000574_01,0.04537570932069407,full_range_all
AG-LightGBM,PF_0001396_01,0.04541486648718361,full_range_all
AG-LightGBM,PF_0002529_01,0.049343509170339805,full_range_all
AG-LightGBM,PF_0010077_01,0.06068847919656479,full_range_all
AG-LightGBM,PF_0022097_01,0.054096069357744934,full_range_all
AG-LightGBM,PF_0024693_01,0.05343565460601105,full_range_all
AG-LightGBM,PF_0025100_01,0.0633216511814929,full_range_all
AG-LightGBM,PF_0025101_01,0.08130676468910691,full_range_all
AG-LightGBM,PF_0025102_01,0.10444252386314673,full_range_all
AG-LightGBM,PF_0025103_01,0.053928176308701455,full_range_all
AG-PatchTST,PF_0000574_01,0.056465815777884065,full_range_all
AG-PatchTST,PF_0001396_01,0.05655505479113105,full_range_all
AG-PatchTST,PF_0002529_01,0.06258915060023244,full_range_all
AG-PatchTST,PF_0010077_01,0.07320488591294481,full_range_all
AG-PatchTST,PF_0022097_01,0.064224842123295,full_range_all
AG-PatchTST,PF_0024693_01,0.06273191027335376,full_range_all
AG-PatchTST,PF_0025100_01,0.07323468120803638,full_range_all
AG-PatchTST,PF_0025101_01,0.09228762162491956,full_range_all
AG-PatchTST,PF_0025102_01,0.11675177902501807,full_range_all
AG-PatchTST,PF_0025103_01,0.06761381210015856,full_range_all
AG-RandomForest,PF_0000574_01,0.05054146128065805,full_range_all
AG-RandomForest,PF_0001396_01,0.05279033308615567,full_range_all
AG-RandomForest,PF_0002529_01,0.057008413802005366,full_range_all
AG-RandomForest,PF_0010077_01,0.06744578574204697,full_range_all
AG-RandomForest,PF_0022097_01,0.06079479464240973,full_range_all
AG-RandomForest,PF_0024693_01,0.05734939033905058,full_range_all
AG-RandomForest,PF_0025100_01,0.06950009858023677,full_range_all
AG-RandomForest,PF_0025101_01,0.08601333496899609,full_range_all
AG-RandomForest,PF_0025102_01,0.11140504634719396,full_range_all
AG-RandomForest,PF_0025103_01,0.06034168360780419,full_range_all
BiTFI-Chronos2,PF_0000574_01,0.025707382586780167,full_range_all
BiTFI-Chronos2,PF_0001396_01,0.029370133808120275,full_range_all
BiTFI-Chronos2,PF_0002529_01,0.03424094324988946,full_range_all
BiTFI-Chronos2,PF_0010077_01,0.042263325040821406,full_range_all
BiTFI-Chronos2,PF_0022097_01,0.029196321654643066,full_range_all
BiTFI-Chronos2,PF_0024693_01,0.02539633818079911,full_range_all
BiTFI-Chronos2,PF_0025100_01,0.04733696070151127,full_range_all
BiTFI-Chronos2,PF_0025101_01,0.05548111721060479,full_range_all
BiTFI-Chronos2,PF_0025102_01,0.04841331747530001,full_range_all
BiTFI-Chronos2,PF_0025103_01,0.029548608252682212,full_range_all
BiTFI-TimesFM3,PF_0000574_01,0.024344433420288573,full_range_all
BiTFI-TimesFM3,PF_0001396_01,0.027871551812342757,full_range_all
BiTFI-TimesFM3,PF_0002529_01,0.03289058565089864,full_range_all
BiTFI-TimesFM3,PF_0010077_01,0.04128418696837917,full_range_all
BiTFI-TimesFM3,PF_0022097_01,0.027890372759506427,full_range_all
BiTFI-TimesFM3,PF_0024693_01,0.024584520088222896,full_range_all
BiTFI-TimesFM3,PF_0025100_01,0.04480794150199843,full_range_all
BiTFI-TimesFM3,PF_0025101_01,0.054557193852177034,full_range_all
BiTFI-TimesFM3,PF_0025102_01,0.04007632306552516,full_range_all
BiTFI-TimesFM3,PF_0025103_01,0.027658442230408732,full_range_all
BiTFI-TimesFM3-fwd,PF_0000574_01,0.02858292629489823,full_range_all
BiTFI-TimesFM3-fwd,PF_0001396_01,0.03114162618531129,full_range_all
BiTFI-TimesFM3-fwd,PF_0002529_01,0.036777122327755346,full_range_all
BiTFI-TimesFM3-fwd,PF_0010077_01,0.04678499488624931,full_range_all
BiTFI-TimesFM3-fwd,PF_0022097_01,0.03134286026152782,full_range_all
BiTFI-TimesFM3-fwd,PF_0024693_01,0.029589613960945824,full_range_all
BiTFI-TimesFM3-fwd,PF_0025100_01,0.04873672362032383,full_range_all
BiTFI-TimesFM3-fwd,PF_0025101_01,0.05760297329056453,full_range_all
BiTFI-TimesFM3-fwd,PF_0025102_01,0.05124126135595884,full_range_all
BiTFI-TimesFM3-fwd,PF_0025103_01,0.03239151949081756,full_range_all
Chronos2,PF_0000574_01,0.04492978336064007,full_range_all
Chronos2,PF_0001396_01,0.047307766986783545,full_range_all
Chronos2,PF_0002529_01,0.05158510046276552,full_range_all
Chronos2,PF_0010077_01,0.05808856308127209,full_range_all
Chronos2,PF_0022097_01,0.049985549421023685,full_range_all
Chronos2,PF_0024693_01,0.04625479268771749,full_range_all
Chronos2,PF_0025100_01,0.06530463558160886,full_range_all
Chronos2,PF_0025101_01,0.07674473864913206,full_range_all
Chronos2,PF_0025102_01,0.079275024574903,full_range_all
Chronos2,PF_0025103_01,0.05215409487234716,full_range_all
LI,PF_0000574_01,0.09948501225279507,full_range_all
LI,PF_0001396_01,0.09391080754590808,full_range_all
LI,PF_0002529_01,0.12294790712965585,full_range_all
LI,PF_0010077_01,0.1352499525741072,full_range_all
LI,PF_0022097_01,0.10592864731926209,full_range_all
LI,PF_0024693_01,0.09126678964838858,full_range_all
LI,PF_0025100_01,0.14421420130724025,full_range_all
LI,PF_0025101_01,0.14193704248274935,full_range_all
LI,PF_0025102_01,0.1498617329610088,full_range_all
LI,PF_0025103_01,0.12106133403407593,full_range_all
MOMENT,PF_0000574_01,0.07253959010700155,full_range_all
MOMENT,PF_0001396_01,0.0678250016484301,full_range_all
MOMENT,PF_0002529_01,0.08479515107303656,full_range_all
MOMENT,PF_0010077_01,0.08484996579918237,full_range_all
MOMENT,PF_0022097_01,0.07568924541733733,full_range_all
MOMENT,PF_0024693_01,0.06926435490528082,full_range_all
MOMENT,PF_0025100_01,0.08964242396593988,full_range_all
MOMENT,PF_0025101_01,0.10137917951787238,full_range_all
MOMENT,PF_0025102_01,0.10754278723012627,full_range_all
MOMENT,PF_0025103_01,0.0792846988615414,full_range_all
MOMENT-FT,PF_0000574_01,0.06405508022001623,full_range_all
MOMENT-FT,PF_0001396_01,0.0617578915831874,full_range_all
MOMENT-FT,PF_0002529_01,0.07549430990933405,full_range_all
MOMENT-FT,PF_0010077_01,0.0763299935456599,full_range_all
MOMENT-FT,PF_0022097_01,0.06875886845506919,full_range_all
MOMENT-FT,PF_0024693_01,0.06197460527982309,full_range_all
MOMENT-FT,PF_0025100_01,0.08329206012373529,full_range_all
MOMENT-FT,PF_0025101_01,0.09530521768855417,full_range_all
MOMENT-FT,PF_0025102_01,0.09601939746839103,full_range_all
MOMENT-FT,PF_0025103_01,0.0710154752851163,full_range_all
SAITS,PF_0000574_01,0.04675143902207036,full_range_all
SAITS,PF_0001396_01,0.05248417081517551,full_range_all
SAITS,PF_0002529_01,0.05916290940953529,full_range_all
SAITS,PF_0010077_01,0.0612747242066524,full_range_all
SAITS,PF_0022097_01,0.05207770137214621,full_range_all
SAITS,PF_0024693_01,0.04852723453523081,full_range_all
SAITS,PF_0025100_01,0.0875053377673697,full_range_all
SAITS,PF_0025101_01,0.08338289181799241,full_range_all
SAITS,PF_0025102_01,0.07934370731210287,full_range_all
SAITS,PF_0025103_01,0.056788687653197265,full_range_all
SAITS-matched-local,PF_0000574_01,0.04344663008604995,full_range_all
SAITS-matched-local,PF_0001396_01,0.045637481030295565,full_range_all
SAITS-matched-local,PF_0002529_01,0.051320738838936814,full_range_all
SAITS-matched-local,PF_0010077_01,0.057512175251170077,full_range_all
SAITS-matched-local,PF_0022097_01,0.0457478071302254,full_range_all
SAITS-matched-local,PF_0024693_01,0.04559577180045536,full_range_all
SAITS-matched-local,PF_0025100_01,0.06987608292787639,full_range_all
SAITS-matched-local,PF_0025101_01,0.07509306554283468,full_range_all
SAITS-matched-local,PF_0025102_01,0.06399832389840435,full_range_all
SAITS-matched-local,PF_0025103_01,0.04776595567213538,full_range_all
SAITS-spatial,PF_0000574_01,0.03559499040608619,full_range_all
SAITS-spatial,PF_0001396_01,0.035419554895069656,full_range_all
SAITS-spatial,PF_0002529_01,0.04704316487430395,full_range_all
SAITS-spatial,PF_0010077_01,0.06376704909070906,full_range_all
SAITS-spatial,PF_0022097_01,0.03899562968066734,full_range_all
SAITS-spatial,PF_0024693_01,0.04132362366745243,full_range_all
SAITS-spatial,PF_0025100_01,0.07343082541106082,full_range_all
SAITS-spatial,PF_0025101_01,0.07132552006430426,full_range_all
SAITS-spatial,PF_0025102_01,0.06098915778150446,full_range_all
SAITS-spatial,PF_0025103_01,0.04150880622956868,full_range_all
SeasonalNaive,PF_0000574_01,0.05188648475212763,full_range_all
SeasonalNaive,PF_0001396_01,0.056394177086708554,full_range_all
SeasonalNaive,PF_0002529_01,0.06078918798009424,full_range_all
SeasonalNaive,PF_0010077_01,0.0695418809518416,full_range_all
SeasonalNaive,PF_0022097_01,0.06639345426959288,full_range_all
SeasonalNaive,PF_0024693_01,0.05543083498399574,full_range_all
SeasonalNaive,PF_0025100_01,0.07212469921546347,full_range_all
SeasonalNaive,PF_0025101_01,0.08898196819159314,full_range_all
SeasonalNaive,PF_0025102_01,0.08376046231377282,full_range_all
SeasonalNaive,PF_0025103_01,0.06326598915100352,full_range_all
Spatial-Ridge,PF_0000574_01,0.053053956877318814,full_range_all
Spatial-Ridge,PF_0001396_01,0.04983045772782744,full_range_all
Spatial-Ridge,PF_0002529_01,0.06314986814301286,full_range_all
Spatial-Ridge,PF_0010077_01,0.08810914961587202,full_range_all
Spatial-Ridge,PF_0022097_01,0.05476930947963132,full_range_all
Spatial-Ridge,PF_0024693_01,0.05886173233150581,full_range_all
Spatial-Ridge,PF_0025100_01,0.07045293023411346,full_range_all
Spatial-Ridge,PF_0025101_01,0.09691953001301934,full_range_all
Spatial-Ridge,PF_0025102_01,0.0694662843409226,full_range_all
Spatial-Ridge,PF_0025103_01,0.059616980314425284,full_range_all
TimesFM2.5,PF_0000574_01,0.04610512242751339,full_range_all
TimesFM2.5,PF_0001396_01,0.04735917560584116,full_range_all
TimesFM2.5,PF_0002529_01,0.052194671908488165,full_range_all
TimesFM2.5,PF_0010077_01,0.059548165440382515,full_range_all
TimesFM2.5,PF_0022097_01,0.05285675168756019,full_range_all
TimesFM2.5,PF_0024693_01,0.04821701080140718,full_range_all
TimesFM2.5,PF_0025100_01,0.06716683484301293,full_range_all
TimesFM2.5,PF_0025101_01,0.07781142965960557,full_range_all
TimesFM2.5,PF_0025102_01,0.10754683265534451,full_range_all
TimesFM2.5,PF_0025103_01,0.05535870162488553,full_range_all
TimesFM3.0,PF_0000574_01,0.04450824992644704,full_range_all
TimesFM3.0,PF_0001396_01,0.04686426027589366,full_range_all
TimesFM3.0,PF_0002529_01,0.04997421704719595,full_range_all
TimesFM3.0,PF_0010077_01,0.05814846230567304,full_range_all
TimesFM3.0,PF_0022097_01,0.051319986788920496,full_range_all
TimesFM3.0,PF_0024693_01,0.04758115458249931,full_range_all
TimesFM3.0,PF_0025100_01,0.06516650735022295,full_range_all
TimesFM3.0,PF_0025101_01,0.07704386351495861,full_range_all
TimesFM3.0,PF_0025102_01,0.10429706942660165,full_range_all
TimesFM3.0,PF_0025103_01,0.054891120876991724,full_range_all
TimesFM3.0-COV,PF_0000574_01,0.03863409460514081,full_range_all
TimesFM3.0-COV,PF_0001396_01,0.04100000519633761,full_range_all
TimesFM3.0-COV,PF_0002529_01,0.04406788010361624,full_range_all
TimesFM3.0-COV,PF_0010077_01,0.053264368884163804,full_range_all
TimesFM3.0-COV,PF_0022097_01,0.04074778781814673,full_range_all
TimesFM3.0-COV,PF_0024693_01,0.03997369094293533,full_range_all
TimesFM3.0-COV,PF_0025100_01,0.05635365696143445,full_range_all
TimesFM3.0-COV,PF_0025101_01,0.07139804530848957,full_range_all
TimesFM3.0-COV,PF_0025102_01,0.06225293413879259,full_range_all
TimesFM3.0-COV,PF_0025103_01,0.044502239984823555,full_range_all
TimesFM3.0-COV-SPA,PF_0000574_01,0.029244911951746843,full_range_all
TimesFM3.0-COV-SPA,PF_0001396_01,0.033044782809612,full_range_all
TimesFM3.0-COV-SPA,PF_0002529_01,0.038252064945519366,full_range_all
TimesFM3.0-COV-SPA,PF_0010077_01,0.0473822979254202,full_range_all
TimesFM3.0-COV-SPA,PF_0022097_01,0.033078561366620525,full_range_all
TimesFM3.0-COV-SPA,PF_0024693_01,0.031847227607661954,full_range_all
TimesFM3.0-COV-SPA,PF_0025100_01,0.048853658156612495,full_range_all
TimesFM3.0-COV-SPA,PF_0025101_01,0.05926445419563818,full_range_all
TimesFM3.0-COV-SPA,PF_0025102_01,0.05374913753729069,full_range_all
TimesFM3.0-COV-SPA,PF_0025103_01,0.03481041032729553,full_range_all
TimesFM3.0-MV,PF_0000574_01,0.04374185214121715,full_range_all
TimesFM3.0-MV,PF_0001396_01,0.04603655724112868,full_range_all
TimesFM3.0-MV,PF_0002529_01,0.04984396711812384,full_range_all
TimesFM3.0-MV,PF_0010077_01,0.05704689493205586,full_range_all
TimesFM3.0-MV,PF_0022097_01,0.05020671331513371,full_range_all
TimesFM3.0-MV,PF_0024693_01,0.04605464402031735,full_range_all
TimesFM3.0-MV,PF_0025100_01,0.06417383775799715,full_range_all
TimesFM3.0-MV,PF_0025101_01,0.07624215142090698,full_range_all
TimesFM3.0-MV,PF_0025102_01,0.07722283742122185,full_range_all
TimesFM3.0-MV,PF_0025103_01,0.05296942447424143,full_range_all
AG-DeepAR,PF_0000574_01,0.05814200424403012,full_range_common
AG-DeepAR,PF_0001396_01,0.057834273888361015,full_range_common
AG-DeepAR,PF_0002529_01,0.06241363044060835,full_range_common
AG-DeepAR,PF_0010077_01,0.06990221884209334,full_range_common
AG-DeepAR,PF_0022097_01,0.06216922498689696,full_range_common
AG-DeepAR,PF_0024693_01,0.06301868405505522,full_range_common
AG-DeepAR,PF_0025100_01,0.07813477134616349,full_range_common
AG-DeepAR,PF_0025101_01,0.08882121874626091,full_range_common
AG-DeepAR,PF_0025102_01,0.11585556686068949,full_range_common
AG-DeepAR,PF_0025103_01,0.06378658376409214,full_range_common
AG-LightGBM,PF_0000574_01,0.04537570932069407,full_range_common
AG-LightGBM,PF_0001396_01,0.04541486648718361,full_range_common
AG-LightGBM,PF_0002529_01,0.049343509170339805,full_range_common
AG-LightGBM,PF_0010077_01,0.06068847919656479,full_range_common
AG-LightGBM,PF_0022097_01,0.054096069357744934,full_range_common
AG-LightGBM,PF_0024693_01,0.05343565460601105,full_range_common
AG-LightGBM,PF_0025100_01,0.0633216511814929,full_range_common
AG-LightGBM,PF_0025101_01,0.08130676468910691,full_range_common
AG-LightGBM,PF_0025102_01,0.10444252386314673,full_range_common
AG-LightGBM,PF_0025103_01,0.053928176308701455,full_range_common
AG-PatchTST,PF_0000574_01,0.056465815777884065,full_range_common
AG-PatchTST,PF_0001396_01,0.05655505479113105,full_range_common
AG-PatchTST,PF_0002529_01,0.06258915060023244,full_range_common
AG-PatchTST,PF_0010077_01,0.07320488591294481,full_range_common
AG-PatchTST,PF_0022097_01,0.064224842123295,full_range_common
AG-PatchTST,PF_0024693_01,0.06273191027335376,full_range_common
AG-PatchTST,PF_0025100_01,0.07323468120803638,full_range_common
AG-PatchTST,PF_0025101_01,0.09228762162491956,full_range_common
AG-PatchTST,PF_0025102_01,0.11675177902501807,full_range_common
AG-PatchTST,PF_0025103_01,0.06761381210015856,full_range_common
AG-RandomForest,PF_0000574_01,0.05054146128065805,full_range_common
AG-RandomForest,PF_0001396_01,0.05279033308615567,full_range_common
AG-RandomForest,PF_0002529_01,0.057008413802005366,full_range_common
AG-RandomForest,PF_0010077_01,0.06744578574204697,full_range_common
AG-RandomForest,PF_0022097_01,0.06079479464240973,full_range_common
AG-RandomForest,PF_0024693_01,0.05734939033905058,full_range_common
AG-RandomForest,PF_0025100_01,0.06950009858023677,full_range_common
AG-RandomForest,PF_0025101_01,0.08601333496899609,full_range_common
AG-RandomForest,PF_0025102_01,0.11140504634719396,full_range_common
AG-RandomForest,PF_0025103_01,0.06034168360780419,full_range_common
BiTFI-Chronos2,PF_0000574_01,0.025707382586780167,full_range_common
BiTFI-Chronos2,PF_0001396_01,0.029370133808120275,full_range_common
BiTFI-Chronos2,PF_0002529_01,0.03424094324988946,full_range_common
BiTFI-Chronos2,PF_0010077_01,0.042263325040821406,full_range_common
BiTFI-Chronos2,PF_0022097_01,0.029196321654643066,full_range_common
BiTFI-Chronos2,PF_0024693_01,0.02539633818079911,full_range_common
BiTFI-Chronos2,PF_0025100_01,0.04733696070151127,full_range_common
BiTFI-Chronos2,PF_0025101_01,0.05548111721060479,full_range_common
BiTFI-Chronos2,PF_0025102_01,0.04841331747530001,full_range_common
BiTFI-Chronos2,PF_0025103_01,0.029548608252682212,full_range_common
BiTFI-TimesFM3,PF_0000574_01,0.024344433420288573,full_range_common
BiTFI-TimesFM3,PF_0001396_01,0.027871551812342757,full_range_common
BiTFI-TimesFM3,PF_0002529_01,0.03289058565089864,full_range_common
BiTFI-TimesFM3,PF_0010077_01,0.04128418696837917,full_range_common
BiTFI-TimesFM3,PF_0022097_01,0.027890372759506427,full_range_common
BiTFI-TimesFM3,PF_0024693_01,0.024584520088222896,full_range_common
BiTFI-TimesFM3,PF_0025100_01,0.04480794150199843,full_range_common
BiTFI-TimesFM3,PF_0025101_01,0.054557193852177034,full_range_common
BiTFI-TimesFM3,PF_0025102_01,0.04007632306552516,full_range_common
BiTFI-TimesFM3,PF_0025103_01,0.027658442230408732,full_range_common
BiTFI-TimesFM3-fwd,PF_0000574_01,0.02858292629489823,full_range_common
BiTFI-TimesFM3-fwd,PF_0001396_01,0.03114162618531129,full_range_common
BiTFI-TimesFM3-fwd,PF_0002529_01,0.036777122327755346,full_range_common
BiTFI-TimesFM3-fwd,PF_0010077_01,0.04678499488624931,full_range_common
BiTFI-TimesFM3-fwd,PF_0022097_01,0.03134286026152782,full_range_common
BiTFI-TimesFM3-fwd,PF_0024693_01,0.029589613960945824,full_range_common
BiTFI-TimesFM3-fwd,PF_0025100_01,0.04873672362032383,full_range_common
BiTFI-TimesFM3-fwd,PF_0025101_01,0.05760297329056453,full_range_common
BiTFI-TimesFM3-fwd,PF_0025102_01,0.05124126135595884,full_range_common
BiTFI-TimesFM3-fwd,PF_0025103_01,0.03239151949081756,full_range_common
Chronos2,PF_0000574_01,0.04492978336064007,full_range_common
Chronos2,PF_0001396_01,0.047307766986783545,full_range_common
Chronos2,PF_0002529_01,0.05158510046276552,full_range_common
Chronos2,PF_0010077_01,0.05808856308127209,full_range_common
Chronos2,PF_0022097_01,0.049985549421023685,full_range_common
Chronos2,PF_0024693_01,0.04625479268771749,full_range_common
Chronos2,PF_0025100_01,0.06530463558160886,full_range_common
Chronos2,PF_0025101_01,0.07674473864913206,full_range_common
Chronos2,PF_0025102_01,0.079275024574903,full_range_common
Chronos2,PF_0025103_01,0.05215409487234716,full_range_common
LI,PF_0000574_01,0.09948501225279507,full_range_common
LI,PF_0001396_01,0.09391080754590808,full_range_common
LI,PF_0002529_01,0.12294790712965585,full_range_common
LI,PF_0010077_01,0.1352499525741072,full_range_common
LI,PF_0022097_01,0.10592864731926209,full_range_common
LI,PF_0024693_01,0.09126678964838858,full_range_common
LI,PF_0025100_01,0.14421420130724025,full_range_common
LI,PF_0025101_01,0.14193704248274935,full_range_common
LI,PF_0025102_01,0.1498617329610088,full_range_common
LI,PF_0025103_01,0.12106133403407593,full_range_common
MOMENT,PF_0000574_01,0.07253959010700155,full_range_common
MOMENT,PF_0001396_01,0.0678250016484301,full_range_common
MOMENT,PF_0002529_01,0.08479515107303656,full_range_common
MOMENT,PF_0010077_01,0.08484996579918237,full_range_common
MOMENT,PF_0022097_01,0.07568924541733733,full_range_common
MOMENT,PF_0024693_01,0.06926435490528082,full_range_common
MOMENT,PF_0025100_01,0.08964242396593988,full_range_common
MOMENT,PF_0025101_01,0.10137917951787238,full_range_common
MOMENT,PF_0025102_01,0.10754278723012627,full_range_common
MOMENT,PF_0025103_01,0.0792846988615414,full_range_common
MOMENT-FT,PF_0000574_01,0.06405508022001623,full_range_common
MOMENT-FT,PF_0001396_01,0.0617578915831874,full_range_common
MOMENT-FT,PF_0002529_01,0.07549430990933405,full_range_common
MOMENT-FT,PF_0010077_01,0.0763299935456599,full_range_common
MOMENT-FT,PF_0022097_01,0.06875886845506919,full_range_common
MOMENT-FT,PF_0024693_01,0.06197460527982309,full_range_common
MOMENT-FT,PF_0025100_01,0.08329206012373529,full_range_common
MOMENT-FT,PF_0025101_01,0.09530521768855417,full_range_common
MOMENT-FT,PF_0025102_01,0.09601939746839103,full_range_common
MOMENT-FT,PF_0025103_01,0.0710154752851163,full_range_common
SAITS,PF_0000574_01,0.04675143902207036,full_range_common
SAITS,PF_0001396_01,0.05248417081517551,full_range_common
SAITS,PF_0002529_01,0.05916290940953529,full_range_common
SAITS,PF_0010077_01,0.0612747242066524,full_range_common
SAITS,PF_0022097_01,0.05207770137214621,full_range_common
SAITS,PF_0024693_01,0.04852723453523081,full_range_common
SAITS,PF_0025100_01,0.0875053377673697,full_range_common
SAITS,PF_0025101_01,0.08338289181799241,full_range_common
SAITS,PF_0025102_01,0.07934370731210287,full_range_common
SAITS,PF_0025103_01,0.056788687653197265,full_range_common
SAITS-matched-local,PF_0000574_01,0.04344663008604995,full_range_common
SAITS-matched-local,PF_0001396_01,0.045637481030295565,full_range_common
SAITS-matched-local,PF_0002529_01,0.051320738838936814,full_range_common
SAITS-matched-local,PF_0010077_01,0.057512175251170077,full_range_common
SAITS-matched-local,PF_0022097_01,0.0457478071302254,full_range_common
SAITS-matched-local,PF_0024693_01,0.04559577180045536,full_range_common
SAITS-matched-local,PF_0025100_01,0.06987608292787639,full_range_common
SAITS-matched-local,PF_0025101_01,0.07509306554283468,full_range_common
SAITS-matched-local,PF_0025102_01,0.06399832389840435,full_range_common
SAITS-matched-local,PF_0025103_01,0.04776595567213538,full_range_common
SAITS-spatial,PF_0000574_01,0.03559499040608619,full_range_common
SAITS-spatial,PF_0001396_01,0.035419554895069656,full_range_common
SAITS-spatial,PF_0002529_01,0.04704316487430395,full_range_common
SAITS-spatial,PF_0010077_01,0.06376704909070906,full_range_common
SAITS-spatial,PF_0022097_01,0.03899562968066734,full_range_common
SAITS-spatial,PF_0024693_01,0.04132362366745243,full_range_common
SAITS-spatial,PF_0025100_01,0.07343082541106082,full_range_common
SAITS-spatial,PF_0025101_01,0.07132552006430426,full_range_common
SAITS-spatial,PF_0025102_01,0.06098915778150446,full_range_common
SAITS-spatial,PF_0025103_01,0.04150880622956868,full_range_common
SeasonalNaive,PF_0000574_01,0.05188648475212763,full_range_common
SeasonalNaive,PF_0001396_01,0.056394177086708554,full_range_common
SeasonalNaive,PF_0002529_01,0.06078918798009424,full_range_common
SeasonalNaive,PF_0010077_01,0.0695418809518416,full_range_common
SeasonalNaive,PF_0022097_01,0.06639345426959288,full_range_common
SeasonalNaive,PF_0024693_01,0.05543083498399574,full_range_common
SeasonalNaive,PF_0025100_01,0.07212469921546347,full_range_common
SeasonalNaive,PF_0025101_01,0.08898196819159314,full_range_common
SeasonalNaive,PF_0025102_01,0.08376046231377282,full_range_common
SeasonalNaive,PF_0025103_01,0.06326598915100352,full_range_common
Spatial-Ridge,PF_0000574_01,0.053053956877318814,full_range_common
Spatial-Ridge,PF_0001396_01,0.04983045772782744,full_range_common
Spatial-Ridge,PF_0002529_01,0.06314986814301286,full_range_common
Spatial-Ridge,PF_0010077_01,0.08810914961587202,full_range_common
Spatial-Ridge,PF_0022097_01,0.05476930947963132,full_range_common
Spatial-Ridge,PF_0024693_01,0.05886173233150581,full_range_common
Spatial-Ridge,PF_0025100_01,0.07045293023411346,full_range_common
Spatial-Ridge,PF_0025101_01,0.09691953001301934,full_range_common
Spatial-Ridge,PF_0025102_01,0.0694662843409226,full_range_common
Spatial-Ridge,PF_0025103_01,0.059616980314425284,full_range_common
TimesFM2.5,PF_0000574_01,0.04610512242751339,full_range_common
TimesFM2.5,PF_0001396_01,0.04735917560584116,full_range_common
TimesFM2.5,PF_0002529_01,0.052194671908488165,full_range_common
TimesFM2.5,PF_0010077_01,0.059548165440382515,full_range_common
TimesFM2.5,PF_0022097_01,0.05285675168756019,full_range_common
TimesFM2.5,PF_0024693_01,0.04821701080140718,full_range_common
TimesFM2.5,PF_0025100_01,0.06716683484301293,full_range_common
TimesFM2.5,PF_0025101_01,0.07781142965960557,full_range_common
TimesFM2.5,PF_0025102_01,0.10754683265534451,full_range_common
TimesFM2.5,PF_0025103_01,0.05535870162488553,full_range_common
TimesFM3.0,PF_0000574_01,0.04450824992644704,full_range_common
TimesFM3.0,PF_0001396_01,0.04686426027589366,full_range_common
TimesFM3.0,PF_0002529_01,0.04997421704719595,full_range_common
TimesFM3.0,PF_0010077_01,0.05814846230567304,full_range_common
TimesFM3.0,PF_0022097_01,0.051319986788920496,full_range_common
TimesFM3.0,PF_0024693_01,0.04758115458249931,full_range_common
TimesFM3.0,PF_0025100_01,0.06516650735022295,full_range_common
TimesFM3.0,PF_0025101_01,0.07704386351495861,full_range_common
TimesFM3.0,PF_0025102_01,0.10429706942660165,full_range_common
TimesFM3.0,PF_0025103_01,0.054891120876991724,full_range_common
TimesFM3.0-COV,PF_0000574_01,0.03863409460514081,full_range_common
TimesFM3.0-COV,PF_0001396_01,0.04100000519633761,full_range_common
TimesFM3.0-COV,PF_0002529_01,0.04406788010361624,full_range_common
TimesFM3.0-COV,PF_0010077_01,0.053264368884163804,full_range_common
TimesFM3.0-COV,PF_0022097_01,0.04074778781814673,full_range_common
TimesFM3.0-COV,PF_0024693_01,0.03997369094293533,full_range_common
TimesFM3.0-COV,PF_0025100_01,0.05635365696143445,full_range_common
TimesFM3.0-COV,PF_0025101_01,0.07139804530848957,full_range_common
TimesFM3.0-COV,PF_0025102_01,0.06225293413879259,full_range_common
TimesFM3.0-COV,PF_0025103_01,0.044502239984823555,full_range_common
TimesFM3.0-COV-SPA,PF_0000574_01,0.029244911951746843,full_range_common
TimesFM3.0-COV-SPA,PF_0001396_01,0.033044782809612,full_range_common
TimesFM3.0-COV-SPA,PF_0002529_01,0.038252064945519366,full_range_common
TimesFM3.0-COV-SPA,PF_0010077_01,0.0473822979254202,full_range_common
TimesFM3.0-COV-SPA,PF_0022097_01,0.033078561366620525,full_range_common
TimesFM3.0-COV-SPA,PF_0024693_01,0.031847227607661954,full_range_common
TimesFM3.0-COV-SPA,PF_0025100_01,0.048853658156612495,full_range_common
TimesFM3.0-COV-SPA,PF_0025101_01,0.05926445419563818,full_range_common
TimesFM3.0-COV-SPA,PF_0025102_01,0.05374913753729069,full_range_common
TimesFM3.0-COV-SPA,PF_0025103_01,0.03481041032729553,full_range_common
TimesFM3.0-MV,PF_0000574_01,0.04374185214121715,full_range_common
TimesFM3.0-MV,PF_0001396_01,0.04603655724112868,full_range_common
TimesFM3.0-MV,PF_0002529_01,0.04984396711812384,full_range_common
TimesFM3.0-MV,PF_0010077_01,0.05704689493205586,full_range_common
TimesFM3.0-MV,PF_0022097_01,0.05020671331513371,full_range_common
TimesFM3.0-MV,PF_0024693_01,0.04605464402031735,full_range_common
TimesFM3.0-MV,PF_0025100_01,0.06417383775799715,full_range_common
TimesFM3.0-MV,PF_0025101_01,0.07624215142090698,full_range_common
TimesFM3.0-MV,PF_0025102_01,0.07722283742122185,full_range_common
TimesFM3.0-MV,PF_0025103_01,0.05296942447424143,full_range_common
AG-DeepAR,PF_0000574_01,0.09535656733997624,p01_p99_common
AG-DeepAR,PF_0001396_01,0.10287949564516,p01_p99_common
AG-DeepAR,PF_0002529_01,0.0778721302643639,p01_p99_common
AG-DeepAR,PF_0010077_01,0.0880291513445935,p01_p99_common
AG-DeepAR,PF_0022097_01,0.08619920895828251,p01_p99_common
AG-DeepAR,PF_0024693_01,0.10494102988939938,p01_p99_common
AG-DeepAR,PF_0025100_01,0.09832108728766321,p01_p99_common
AG-DeepAR,PF_0025101_01,0.10829530119682379,p01_p99_common
AG-DeepAR,PF_0025102_01,0.14232424429413437,p01_p99_common
AG-DeepAR,PF_0025103_01,0.08131918957621939,p01_p99_common
AG-LightGBM,PF_0000574_01,0.07810036643576608,p01_p99_common
AG-LightGBM,PF_0001396_01,0.08885711788863597,p01_p99_common
AG-LightGBM,PF_0002529_01,0.061713310841013905,p01_p99_common
AG-LightGBM,PF_0010077_01,0.07718001489993573,p01_p99_common
AG-LightGBM,PF_0022097_01,0.07580154181130473,p01_p99_common
AG-LightGBM,PF_0024693_01,0.09149438093937812,p01_p99_common
AG-LightGBM,PF_0025100_01,0.08008001483098061,p01_p99_common
AG-LightGBM,PF_0025101_01,0.09917061518949077,p01_p99_common
AG-LightGBM,PF_0025102_01,0.12863833272459416,p01_p99_common
AG-LightGBM,PF_0025103_01,0.06940568700737933,p01_p99_common
AG-PatchTST,PF_0000574_01,0.09031978877707188,p01_p99_common
AG-PatchTST,PF_0001396_01,0.09745458286234758,p01_p99_common
AG-PatchTST,PF_0002529_01,0.07824498905442466,p01_p99_common
AG-PatchTST,PF_0010077_01,0.09144446120929949,p01_p99_common
AG-PatchTST,PF_0022097_01,0.08842046894846664,p01_p99_common
AG-PatchTST,PF_0024693_01,0.10109955334629553,p01_p99_common
AG-PatchTST,PF_0025100_01,0.09191513661075927,p01_p99_common
AG-PatchTST,PF_0025101_01,0.11243073776711886,p01_p99_common
AG-PatchTST,PF_0025102_01,0.14297542350382544,p01_p99_common
AG-PatchTST,PF_0025103_01,0.08495596773241082,p01_p99_common
AG-RandomForest,PF_0000574_01,0.08588618395122441,p01_p99_common
AG-RandomForest,PF_0001396_01,0.10002632630701423,p01_p99_common
AG-RandomForest,PF_0002529_01,0.07100971169622577,p01_p99_common
AG-RandomForest,PF_0010077_01,0.0856554501457396,p01_p99_common
AG-RandomForest,PF_0022097_01,0.08468725050689732,p01_p99_common
AG-RandomForest,PF_0024693_01,0.099779959110237,p01_p99_common
AG-RandomForest,PF_0025100_01,0.0876501233042958,p01_p99_common
AG-RandomForest,PF_0025101_01,0.1051941675422804,p01_p99_common
AG-RandomForest,PF_0025102_01,0.13702583992358855,p01_p99_common
AG-RandomForest,PF_0025103_01,0.07738050502779396,p01_p99_common
BiTFI-Chronos2,PF_0000574_01,0.0469995413840283,p01_p99_common
BiTFI-Chronos2,PF_0001396_01,0.05658735904880235,p01_p99_common
BiTFI-Chronos2,PF_0002529_01,0.043074317883993574,p01_p99_common
BiTFI-Chronos2,PF_0010077_01,0.054235292636489484,p01_p99_common
BiTFI-Chronos2,PF_0022097_01,0.042223957046994776,p01_p99_common
BiTFI-Chronos2,PF_0024693_01,0.04912949126275964,p01_p99_common
BiTFI-Chronos2,PF_0025100_01,0.06023125524446267,p01_p99_common
BiTFI-Chronos2,PF_0025101_01,0.06790300888281253,p01_p99_common
BiTFI-Chronos2,PF_0025102_01,0.06003056226115012,p01_p99_common
BiTFI-Chronos2,PF_0025103_01,0.03812091799462296,p01_p99_common
BiTFI-TimesFM3,PF_0000574_01,0.04553369417172575,p01_p99_common
BiTFI-TimesFM3,PF_0001396_01,0.053820327950125785,p01_p99_common
BiTFI-TimesFM3,PF_0002529_01,0.041419511227838754,p01_p99_common
BiTFI-TimesFM3,PF_0010077_01,0.05302743713877038,p01_p99_common
BiTFI-TimesFM3,PF_0022097_01,0.04064781125837083,p01_p99_common
BiTFI-TimesFM3,PF_0024693_01,0.048219526607969354,p01_p99_common
BiTFI-TimesFM3,PF_0025100_01,0.057135308380396696,p01_p99_common
BiTFI-TimesFM3,PF_0025101_01,0.06699806504097384,p01_p99_common
BiTFI-TimesFM3,PF_0025102_01,0.04990106525534864,p01_p99_common
BiTFI-TimesFM3,PF_0025103_01,0.0358610464707012,p01_p99_common
BiTFI-TimesFM3-fwd,PF_0000574_01,0.051431251099896234,p01_p99_common
BiTFI-TimesFM3-fwd,PF_0001396_01,0.06059802363159709,p01_p99_common
BiTFI-TimesFM3-fwd,PF_0002529_01,0.04638576419507241,p01_p99_common
BiTFI-TimesFM3-fwd,PF_0010077_01,0.060083790186684506,p01_p99_common
BiTFI-TimesFM3-fwd,PF_0022097_01,0.045733880033073104,p01_p99_common
BiTFI-TimesFM3-fwd,PF_0024693_01,0.05783875662961793,p01_p99_common
BiTFI-TimesFM3-fwd,PF_0025100_01,0.06208910861950697,p01_p99_common
BiTFI-TimesFM3-fwd,PF_0025101_01,0.07074448433795386,p01_p99_common
BiTFI-TimesFM3-fwd,PF_0025102_01,0.06377498243119971,p01_p99_common
BiTFI-TimesFM3-fwd,PF_0025103_01,0.0419385685774741,p01_p99_common
Chronos2,PF_0000574_01,0.07338366624373427,p01_p99_common
Chronos2,PF_0001396_01,0.08343738071450119,p01_p99_common
Chronos2,PF_0002529_01,0.0642654037137212,p01_p99_common
Chronos2,PF_0010077_01,0.07377658139403796,p01_p99_common
Chronos2,PF_0022097_01,0.06980994636854262,p01_p99_common
Chronos2,PF_0024693_01,0.07993534337285958,p01_p99_common
Chronos2,PF_0025100_01,0.08243031282217478,p01_p99_common
Chronos2,PF_0025101_01,0.09386005337353036,p01_p99_common
Chronos2,PF_0025102_01,0.0977448134896745,p01_p99_common
Chronos2,PF_0025103_01,0.0669431004646979,p01_p99_common
LI,PF_0000574_01,0.15678134640824073,p01_p99_common
LI,PF_0001396_01,0.17348401469184127,p01_p99_common
LI,PF_0002529_01,0.155511461331896,p01_p99_common
LI,PF_0010077_01,0.1702136231760014,p01_p99_common
LI,PF_0022097_01,0.15126275331439323,p01_p99_common
LI,PF_0024693_01,0.15178322275608502,p01_p99_common
LI,PF_0025100_01,0.1799817113338837,p01_p99_common
LI,PF_0025101_01,0.17811012514227695,p01_p99_common
LI,PF_0025102_01,0.18325488611166568,p01_p99_common
LI,PF_0025103_01,0.15244772557338576,p01_p99_common
MOMENT,PF_0000574_01,0.1163653730389634,p01_p99_common
MOMENT,PF_0001396_01,0.11909320265170763,p01_p99_common
MOMENT,PF_0002529_01,0.10662758624329742,p01_p99_common
MOMENT,PF_0010077_01,0.10689389112760331,p01_p99_common
MOMENT,PF_0022097_01,0.10607937615092249,p01_p99_common
MOMENT,PF_0024693_01,0.11342009429679384,p01_p99_common
MOMENT,PF_0025100_01,0.11271524578163077,p01_p99_common
MOMENT,PF_0025101_01,0.1250910140462125,p01_p99_common
MOMENT,PF_0025102_01,0.13177157654686905,p01_p99_common
MOMENT,PF_0025103_01,0.09952549091930268,p01_p99_common
MOMENT-FT,PF_0000574_01,0.10263969327758274,p01_p99_common
MOMENT-FT,PF_0001396_01,0.1089876342163482,p01_p99_common
MOMENT-FT,PF_0002529_01,0.09489434684366053,p01_p99_common
MOMENT-FT,PF_0010077_01,0.09636661610472437,p01_p99_common
MOMENT-FT,PF_0022097_01,0.09677646954882783,p01_p99_common
MOMENT-FT,PF_0024693_01,0.1027186778734642,p01_p99_common
MOMENT-FT,PF_0025100_01,0.10487018640541751,p01_p99_common
MOMENT-FT,PF_0025101_01,0.1175533490620086,p01_p99_common
MOMENT-FT,PF_0025102_01,0.11790152685302471,p01_p99_common
MOMENT-FT,PF_0025103_01,0.08956909755669128,p01_p99_common
SAITS,PF_0000574_01,0.08024439057067505,p01_p99_common
SAITS,PF_0001396_01,0.09393504049535542,p01_p99_common
SAITS,PF_0002529_01,0.07429697899989392,p01_p99_common
SAITS,PF_0010077_01,0.07785052770389053,p01_p99_common
SAITS,PF_0022097_01,0.07376018264131533,p01_p99_common
SAITS,PF_0024693_01,0.0833064578268375,p01_p99_common
SAITS,PF_0025100_01,0.11027842131862493,p01_p99_common
SAITS,PF_0025101_01,0.10418092423225728,p01_p99_common
SAITS,PF_0025102_01,0.09895318358473004,p01_p99_common
SAITS,PF_0025103_01,0.07491551677070796,p01_p99_common
SAITS-matched-local,PF_0000574_01,0.07564552073900283,p01_p99_common
SAITS-matched-local,PF_0001396_01,0.08267778771301826,p01_p99_common
SAITS-matched-local,PF_0002529_01,0.06427850731416238,p01_p99_common
SAITS-matched-local,PF_0010077_01,0.07339419059950941,p01_p99_common
SAITS-matched-local,PF_0022097_01,0.06572660411409093,p01_p99_common
SAITS-matched-local,PF_0024693_01,0.08008443223264422,p01_p99_common
SAITS-matched-local,PF_0025100_01,0.08872874755098764,p01_p99_common
SAITS-matched-local,PF_0025101_01,0.09285234298138623,p01_p99_common
SAITS-matched-local,PF_0025102_01,0.07943821476311276,p01_p99_common
SAITS-matched-local,PF_0025103_01,0.06242535612176396,p01_p99_common
SAITS-spatial,PF_0000574_01,0.06417577622378759,p01_p99_common
SAITS-spatial,PF_0001396_01,0.06960155315326348,p01_p99_common
SAITS-spatial,PF_0002529_01,0.059743633108667774,p01_p99_common
SAITS-spatial,PF_0010077_01,0.0808932930385765,p01_p99_common
SAITS-spatial,PF_0022097_01,0.05678954622213635,p01_p99_common
SAITS-spatial,PF_0024693_01,0.07411767290504859,p01_p99_common
SAITS-spatial,PF_0025100_01,0.093460127379646,p01_p99_common
SAITS-spatial,PF_0025101_01,0.08916377832585935,p01_p99_common
SAITS-spatial,PF_0025102_01,0.07626177055238947,p01_p99_common
SAITS-spatial,PF_0025103_01,0.05478369613591383,p01_p99_common
SeasonalNaive,PF_0000574_01,0.08788047279082681,p01_p99_common
SeasonalNaive,PF_0001396_01,0.10402540250100821,p01_p99_common
SeasonalNaive,PF_0002529_01,0.07564453709223787,p01_p99_common
SeasonalNaive,PF_0010077_01,0.0882611161507017,p01_p99_common
SeasonalNaive,PF_0022097_01,0.09234005917741318,p01_p99_common
SeasonalNaive,PF_0024693_01,0.0977514717734917,p01_p99_common
SeasonalNaive,PF_0025100_01,0.09112728679529222,p01_p99_common
SeasonalNaive,PF_0025101_01,0.10892476853309081,p01_p99_common
SeasonalNaive,PF_0025102_01,0.10320776859509294,p01_p99_common
SeasonalNaive,PF_0025103_01,0.08126051362901734,p01_p99_common
Spatial-Ridge,PF_0000574_01,0.08715150263303097,p01_p99_common
Spatial-Ridge,PF_0001396_01,0.0967631211940235,p01_p99_common
Spatial-Ridge,PF_0002529_01,0.08036137493747413,p01_p99_common
Spatial-Ridge,PF_0010077_01,0.11164088959849891,p01_p99_common
Spatial-Ridge,PF_0022097_01,0.07688926338026128,p01_p99_common
Spatial-Ridge,PF_0024693_01,0.099963641015084,p01_p99_common
Spatial-Ridge,PF_0025100_01,0.08922051983957507,p01_p99_common
Spatial-Ridge,PF_0025101_01,0.11875665532710049,p01_p99_common
Spatial-Ridge,PF_0025102_01,0.08735721510193824,p01_p99_common
Spatial-Ridge,PF_0025103_01,0.07651942391643017,p01_p99_common
TimesFM2.5,PF_0000574_01,0.0753755576904483,p01_p99_common
TimesFM2.5,PF_0001396_01,0.0839878531603102,p01_p99_common
TimesFM2.5,PF_0002529_01,0.06503255198268591,p01_p99_common
TimesFM2.5,PF_0010077_01,0.07561934851781901,p01_p99_common
TimesFM2.5,PF_0022097_01,0.07338442040092068,p01_p99_common
TimesFM2.5,PF_0024693_01,0.08252711349762877,p01_p99_common
TimesFM2.5,PF_0025100_01,0.08473896400074943,p01_p99_common
TimesFM2.5,PF_0025101_01,0.095115450152983,p01_p99_common
TimesFM2.5,PF_0025102_01,0.1321597306223738,p01_p99_common
TimesFM2.5,PF_0025103_01,0.07089584174200628,p01_p99_common
TimesFM3.0,PF_0000574_01,0.07286392570804825,p01_p99_common
TimesFM3.0,PF_0001396_01,0.08179028592553635,p01_p99_common
TimesFM3.0,PF_0002529_01,0.06223703126829501,p01_p99_common
TimesFM3.0,PF_0010077_01,0.07388833292334017,p01_p99_common
TimesFM3.0,PF_0022097_01,0.07171763873706086,p01_p99_common
TimesFM3.0,PF_0024693_01,0.0809699839770468,p01_p99_common
TimesFM3.0,PF_0025100_01,0.08214263545979694,p01_p99_common
TimesFM3.0,PF_0025101_01,0.09404074385044671,p01_p99_common
TimesFM3.0,PF_0025102_01,0.12816511885096024,p01_p99_common
TimesFM3.0,PF_0025103_01,0.070421293083615,p01_p99_common
TimesFM3.0-COV,PF_0000574_01,0.06516866801384445,p01_p99_common
TimesFM3.0-COV,PF_0001396_01,0.07389016764348534,p01_p99_common
TimesFM3.0-COV,PF_0002529_01,0.05515051464509984,p01_p99_common
TimesFM3.0-COV,PF_0010077_01,0.0678562122144963,p01_p99_common
TimesFM3.0-COV,PF_0022097_01,0.05817527071629475,p01_p99_common
TimesFM3.0-COV,PF_0024693_01,0.07210919049363763,p01_p99_common
TimesFM3.0-COV,PF_0025100_01,0.07157976898724346,p01_p99_common
TimesFM3.0-COV,PF_0025101_01,0.08734508809841732,p01_p99_common
TimesFM3.0-COV,PF_0025102_01,0.07717101113567972,p01_p99_common
TimesFM3.0-COV,PF_0025103_01,0.05760756138502846,p01_p99_common
TimesFM3.0-COV-SPA,PF_0000574_01,0.05271807466398527,p01_p99_common
TimesFM3.0-COV-SPA,PF_0001396_01,0.06331310414461463,p01_p99_common
TimesFM3.0-COV-SPA,PF_0002529_01,0.04819978329802049,p01_p99_common
TimesFM3.0-COV-SPA,PF_0010077_01,0.06083048098300716,p01_p99_common
TimesFM3.0-COV-SPA,PF_0022097_01,0.04799540197282455,p01_p99_common
TimesFM3.0-COV-SPA,PF_0024693_01,0.0607983285269973,p01_p99_common
TimesFM3.0-COV-SPA,PF_0025100_01,0.06224625983401839,p01_p99_common
TimesFM3.0-COV-SPA,PF_0025101_01,0.0727575949189635,p01_p99_common
TimesFM3.0-COV-SPA,PF_0025102_01,0.06673234775064293,p01_p99_common
TimesFM3.0-COV-SPA,PF_0025103_01,0.04493424112262869,p01_p99_common
TimesFM3.0-MV,PF_0000574_01,0.07181598762835756,p01_p99_common
TimesFM3.0-MV,PF_0001396_01,0.08055679958109761,p01_p99_common
TimesFM3.0-MV,PF_0002529_01,0.06209710973772961,p01_p99_common
TimesFM3.0-MV,PF_0010077_01,0.07252069805116189,p01_p99_common
TimesFM3.0-MV,PF_0022097_01,0.06987629446933273,p01_p99_common
TimesFM3.0-MV,PF_0024693_01,0.07911509086939868,p01_p99_common
TimesFM3.0-MV,PF_0025100_01,0.08087076572334063,p01_p99_common
TimesFM3.0-MV,PF_0025101_01,0.09313557609561236,p01_p99_common
TimesFM3.0-MV,PF_0025102_01,0.0952797611241485,p01_p99_common
TimesFM3.0-MV,PF_0025103_01,0.06794633864248169,p01_p99_common
