normalizer,variable,reference,bitfi_mean,reference_mean,reduction_percent,ci_low,ci_high,n_greenhouses,greenhouses_bitfi_lower
full_range_all,all,LI,0.03459655513497478,0.12058634272551912,71.30972351178764,68.33881472022519,73.87704873516446,10,10
full_range_all,all,SeasonalNaive,0.03459655513497478,0.06685691388961937,48.25283860380749,43.4910320444418,52.93608003015209,10,10
full_range_all,all,AG-LightGBM,0.03459655513497478,0.061135340418098635,43.40989205527881,35.68649041543657,51.30081735258387,10,10
full_range_all,all,Spatial-Ridge,0.03459655513497478,0.0664230199077649,47.91481148701819,43.97511469061109,51.848091109156876,10,10
full_range_all,all,SAITS-spatial,0.03459655513497478,0.050939832210072686,32.083492163262825,28.165358692590292,35.569505534123806,10,10
full_range_all,all,MOMENT-FT,0.03459655513497478,0.07540028995588867,54.116151071547925,49.595273298994734,58.410707577706056,10,10
full_range_all,all,TimesFM3.0-COV-SPA,0.03459655513497478,0.04165762130269101,16.950238508361725,11.92912360387652,23.16218443615065,10,10
full_range_all,Tin,LI,0.029851953393482417,0.1104139159839537,72.96359509808458,67.95636647175277,76.49046592258661,10,10
full_range_all,Tin,SeasonalNaive,0.029851953393482417,0.05346132098177135,44.16158664754841,36.84056067828045,50.76757964767601,10,10
full_range_all,Tin,AG-LightGBM,0.029851953393482417,0.048615357477965984,38.59563121177857,30.753592212951872,46.43254809078723,10,10
full_range_all,Tin,Spatial-Ridge,0.029851953393482417,0.06134814424981866,51.34008736772725,39.28724267199931,62.1101131609739,10,10
full_range_all,Tin,SAITS-spatial,0.029851953393482417,0.04623360987171725,35.432354349332506,25.04798668566065,44.336780950447206,10,10
full_range_all,Tin,MOMENT-FT,0.029851953393482417,0.0627846802819331,52.45344364352429,46.412696721790574,57.50692765430946,10,10
full_range_all,Tin,TimesFM3.0-COV-SPA,0.029851953393482417,0.03665802281748816,18.56638438437226,13.308142982624801,23.946743328862475,10,10
full_range_all,Tout,LI,0.023905822197298934,0.09333469270431342,74.38699211981856,71.24577595671731,77.43013971282967,10,10
full_range_all,Tout,SeasonalNaive,0.023905822197298934,0.07764910388461725,69.21300955021734,66.58930173568334,72.07456301011378,10,10
full_range_all,Tout,AG-LightGBM,0.023905822197298934,0.06204619528955879,61.470929706914944,53.80450312045066,68.35387478440755,10,10
full_range_all,Tout,Spatial-Ridge,0.023905822197298934,0.03946944306477638,39.43207620623066,14.629707994459828,57.82677240043105,10,10
full_range_all,Tout,SAITS-spatial,0.023905822197298934,0.04458255137451115,46.378523749166966,32.15852466278207,58.20565034887221,10,10
full_range_all,Tout,MOMENT-FT,0.023905822197298934,0.06767171438464781,64.67383394276432,61.79658861069547,68.13921756741708,10,10
full_range_all,Tout,TimesFM3.0-COV-SPA,0.023905822197298934,0.030526540511813628,21.68840033462851,10.779762762024165,34.02917484227822,10,10
full_range_all,RH,LI,0.0478406242572488,0.12287471284103053,61.065525077448015,49.495513729652394,69.72933964489168,10,10
full_range_all,RH,SeasonalNaive,0.0478406242572488,0.08557405556028205,44.09447589690569,36.19005151813127,51.370346432852344,10,10
full_range_all,RH,AG-LightGBM,0.0478406242572488,0.08594602197142258,44.33642981968844,33.03365328467828,56.52321640314809,10,10
full_range_all,RH,Spatial-Ridge,0.0478406242572488,0.10511985546876765,54.489450119665726,49.315077047644714,60.393962006997654,10,10
full_range_all,RH,SAITS-spatial,0.0478406242572488,0.06317537316437563,24.273301666501347,18.006675943266348,31.65213414103923,10,10
full_range_all,RH,MOMENT-FT,0.0478406242572488,0.08888590961143886,46.17749374857934,35.281601229200184,55.742670221267616,10,10
full_range_all,RH,TimesFM3.0-COV-SPA,0.0478406242572488,0.05782795301538951,17.270763077992445,13.045298829691399,22.28667421236201,10,10
full_range_all,CO2,LI,0.037441773346766995,0.1018396994588748,63.23459952679178,56.68956504706275,68.9420182614181,10,10
full_range_all,CO2,SeasonalNaive,0.037441773346766995,0.054985800977984424,31.906469159632355,27.775955751592633,36.96877910244968,10,10
full_range_all,CO2,AG-LightGBM,0.037441773346766995,0.05230585022662458,28.417618326547178,21.526307910714237,36.05619213995506,10,10
full_range_all,CO2,Spatial-Ridge,0.037441773346766995,0.06699499552465903,44.11258176293824,33.478915313566766,52.5891443383409,10,10
full_range_all,CO2,SAITS-spatial,0.037441773346766995,0.05689503124367221,34.1914882049894,28.498187420111698,39.12837838630508,10,10
full_range_all,CO2,MOMENT-FT,0.037441773346766995,0.06194913120996992,39.560454496347774,32.936703234251446,46.05383255437047,10,10
full_range_all,CO2,TimesFM3.0-COV-SPA,0.037441773346766995,0.04336521523918504,13.659431550718072,7.747925693768803,21.001587055388622,10,10
full_range_all,Rad,LI,0.026860050205136144,0.19535339473702854,86.25053317282082,84.10633520367487,88.075069335512,10,10
full_range_all,Rad,SeasonalNaive,0.026860050205136144,0.0646137547953092,58.42982614115761,52.6276733362126,63.6390640874186,10,10
full_range_all,Rad,AG-LightGBM,0.026860050205136144,0.05366942409611156,49.95278846846766,42.64200615141522,56.6044099413044,10,10
full_range_all,Rad,Spatial-Ridge,0.026860050205136144,0.03834710175790066,29.955462150142388,17.45280035509648,40.59648323497387,10,9
full_range_all,Rad,SAITS-spatial,0.026860050205136144,0.034676526169337994,22.541115929638334,16.400059225353417,28.0259743505945,10,10
full_range_all,Rad,MOMENT-FT,0.026860050205136144,0.1023736639509644,73.76273431221358,70.54513102281639,76.87720739212946,10,10
full_range_all,Rad,TimesFM3.0-COV-SPA,0.026860050205136144,0.0314500419282245,14.594548819882869,4.856290525092903,23.139774370561955,10,9
full_range_common,all,LI,0.03459655513497478,0.12058634272551912,71.30972351178764,68.33881472022519,73.87704873516446,10,10
full_range_common,all,SeasonalNaive,0.03459655513497478,0.06685691388961937,48.25283860380749,43.4910320444418,52.93608003015209,10,10
full_range_common,all,AG-LightGBM,0.03459655513497478,0.061135340418098635,43.40989205527881,35.68649041543657,51.30081735258387,10,10
full_range_common,all,Spatial-Ridge,0.03459655513497478,0.0664230199077649,47.91481148701819,43.97511469061109,51.848091109156876,10,10
full_range_common,all,SAITS-spatial,0.03459655513497478,0.050939832210072686,32.083492163262825,28.165358692590292,35.569505534123806,10,10
full_range_common,all,MOMENT-FT,0.03459655513497478,0.07540028995588867,54.116151071547925,49.595273298994734,58.410707577706056,10,10
full_range_common,all,TimesFM3.0-COV-SPA,0.03459655513497478,0.04165762130269101,16.950238508361725,11.92912360387652,23.16218443615065,10,10
full_range_common,Tin,LI,0.029851953393482417,0.1104139159839537,72.96359509808458,67.95636647175277,76.49046592258661,10,10
full_range_common,Tin,SeasonalNaive,0.029851953393482417,0.05346132098177135,44.16158664754841,36.84056067828045,50.76757964767601,10,10
full_range_common,Tin,AG-LightGBM,0.029851953393482417,0.048615357477965984,38.59563121177857,30.753592212951872,46.43254809078723,10,10
full_range_common,Tin,Spatial-Ridge,0.029851953393482417,0.06134814424981866,51.34008736772725,39.28724267199931,62.1101131609739,10,10
full_range_common,Tin,SAITS-spatial,0.029851953393482417,0.04623360987171725,35.432354349332506,25.04798668566065,44.336780950447206,10,10
full_range_common,Tin,MOMENT-FT,0.029851953393482417,0.0627846802819331,52.45344364352429,46.412696721790574,57.50692765430946,10,10
full_range_common,Tin,TimesFM3.0-COV-SPA,0.029851953393482417,0.03665802281748816,18.56638438437226,13.308142982624801,23.946743328862475,10,10
full_range_common,Tout,LI,0.023905822197298934,0.09333469270431342,74.38699211981856,71.24577595671731,77.43013971282967,10,10
full_range_common,Tout,SeasonalNaive,0.023905822197298934,0.07764910388461725,69.21300955021734,66.58930173568334,72.07456301011378,10,10
full_range_common,Tout,AG-LightGBM,0.023905822197298934,0.06204619528955879,61.470929706914944,53.80450312045066,68.35387478440755,10,10
full_range_common,Tout,Spatial-Ridge,0.023905822197298934,0.03946944306477638,39.43207620623066,14.629707994459828,57.82677240043105,10,10
full_range_common,Tout,SAITS-spatial,0.023905822197298934,0.04458255137451115,46.378523749166966,32.15852466278207,58.20565034887221,10,10
full_range_common,Tout,MOMENT-FT,0.023905822197298934,0.06767171438464781,64.67383394276432,61.79658861069547,68.13921756741708,10,10
full_range_common,Tout,TimesFM3.0-COV-SPA,0.023905822197298934,0.030526540511813628,21.68840033462851,10.779762762024165,34.02917484227822,10,10
full_range_common,RH,LI,0.0478406242572488,0.12287471284103053,61.065525077448015,49.495513729652394,69.72933964489168,10,10
full_range_common,RH,SeasonalNaive,0.0478406242572488,0.08557405556028205,44.09447589690569,36.19005151813127,51.370346432852344,10,10
full_range_common,RH,AG-LightGBM,0.0478406242572488,0.08594602197142258,44.33642981968844,33.03365328467828,56.52321640314809,10,10
full_range_common,RH,Spatial-Ridge,0.0478406242572488,0.10511985546876765,54.489450119665726,49.315077047644714,60.393962006997654,10,10
full_range_common,RH,SAITS-spatial,0.0478406242572488,0.06317537316437563,24.273301666501347,18.006675943266348,31.65213414103923,10,10
full_range_common,RH,MOMENT-FT,0.0478406242572488,0.08888590961143886,46.17749374857934,35.281601229200184,55.742670221267616,10,10
full_range_common,RH,TimesFM3.0-COV-SPA,0.0478406242572488,0.05782795301538951,17.270763077992445,13.045298829691399,22.28667421236201,10,10
full_range_common,CO2,LI,0.037441773346766995,0.1018396994588748,63.23459952679178,56.68956504706275,68.9420182614181,10,10
full_range_common,CO2,SeasonalNaive,0.037441773346766995,0.054985800977984424,31.906469159632355,27.775955751592633,36.96877910244968,10,10
full_range_common,CO2,AG-LightGBM,0.037441773346766995,0.05230585022662458,28.417618326547178,21.526307910714237,36.05619213995506,10,10
full_range_common,CO2,Spatial-Ridge,0.037441773346766995,0.06699499552465903,44.11258176293824,33.478915313566766,52.5891443383409,10,10
full_range_common,CO2,SAITS-spatial,0.037441773346766995,0.05689503124367221,34.1914882049894,28.498187420111698,39.12837838630508,10,10
full_range_common,CO2,MOMENT-FT,0.037441773346766995,0.06194913120996992,39.560454496347774,32.936703234251446,46.05383255437047,10,10
full_range_common,CO2,TimesFM3.0-COV-SPA,0.037441773346766995,0.04336521523918504,13.659431550718072,7.747925693768803,21.001587055388622,10,10
full_range_common,Rad,LI,0.026860050205136144,0.19535339473702854,86.25053317282082,84.10633520367487,88.075069335512,10,10
full_range_common,Rad,SeasonalNaive,0.026860050205136144,0.0646137547953092,58.42982614115761,52.6276733362126,63.6390640874186,10,10
full_range_common,Rad,AG-LightGBM,0.026860050205136144,0.05366942409611156,49.95278846846766,42.64200615141522,56.6044099413044,10,10
full_range_common,Rad,Spatial-Ridge,0.026860050205136144,0.03834710175790066,29.955462150142388,17.45280035509648,40.59648323497387,10,9
full_range_common,Rad,SAITS-spatial,0.026860050205136144,0.034676526169337994,22.541115929638334,16.400059225353417,28.0259743505945,10,10
full_range_common,Rad,MOMENT-FT,0.026860050205136144,0.1023736639509644,73.76273431221358,70.54513102281639,76.87720739212946,10,10
full_range_common,Rad,TimesFM3.0-COV-SPA,0.026860050205136144,0.0314500419282245,14.594548819882869,4.856290525092903,23.139774370561955,10,9
p01_p99_common,all,LI,0.049256379350222125,0.16528308698396696,70.19877819985285,67.77665512027077,72.38217122131368,10,10
p01_p99_common,all,SeasonalNaive,0.049256379350222125,0.09304233970381728,47.06025288377259,42.84405536821826,50.95842678515978,10,10
p01_p99_common,all,AG-LightGBM,0.049256379350222125,0.08504413825684794,42.081394015117915,35.268200341294666,49.26439449426894,10,10
p01_p99_common,all,Spatial-Ridge,0.049256379350222125,0.09246236069434169,46.728183251721354,43.51693828693379,49.70716336491902,10,10
p01_p99_common,all,SAITS-spatial,0.049256379350222125,0.0718990847045289,31.492341588710815,28.17806721707209,34.60509100443123,10,10
p01_p99_common,all,MOMENT-FT,0.049256379350222125,0.103227759774175,52.283785429445274,48.54636043739827,55.76482034547907,10,10
p01_p99_common,all,TimesFM3.0-COV-SPA,0.049256379350222125,0.05897354668532238,16.47716286583576,11.97735276172053,22.03873795440805,10,10
p01_p99_common,Tin,LI,0.039505025443849054,0.1464742665149126,73.02937479476846,68.07292168238038,76.51121255993257,10,10
p01_p99_common,Tin,SeasonalNaive,0.039505025443849054,0.07098606334478132,44.34819514927595,37.09245798625771,50.77538861382565,10,10
p01_p99_common,Tin,AG-LightGBM,0.039505025443849054,0.06451916801230853,38.77009474717258,30.943802952438592,46.46276134869733,10,10
p01_p99_common,Tin,Spatial-Ridge,0.039505025443849054,0.08185308550876932,51.73666918198621,39.727367548693245,62.224084723537985,10,10
p01_p99_common,Tin,SAITS-spatial,0.039505025443849054,0.06107823533634327,35.320617522257635,25.12655388462134,44.20518565622171,10,10
p01_p99_common,Tin,MOMENT-FT,0.039505025443849054,0.0833353409742692,52.59511153131693,46.63104663994935,57.556791921247594,10,10
p01_p99_common,Tin,TimesFM3.0-COV-SPA,0.039505025443849054,0.04854853439433461,18.627769227861368,13.442489484884776,23.883978840649025,10,10
p01_p99_common,Tout,LI,0.02909167265008019,0.11396584210327868,74.47334033322318,71.26379141761315,77.48923733636296,10,10
p01_p99_common,Tout,SeasonalNaive,0.02909167265008019,0.09496430705883292,69.36567690421084,66.75986332207415,72.1454991065386,10,10
p01_p99_common,Tout,AG-LightGBM,0.02909167265008019,0.07618905690230406,61.816468357937616,54.08064731764533,68.55755573575458,10,10
p01_p99_common,Tout,Spatial-Ridge,0.02909167265008019,0.04781105806179543,39.15283654153936,14.669230173783674,57.41940400367594,10,10
p01_p99_common,Tout,SAITS-spatial,0.02909167265008019,0.05439194447013703,46.514740494242716,32.89040508579121,57.93699944370692,10,10
p01_p99_common,Tout,MOMENT-FT,0.02909167265008019,0.08280395889183723,64.86680946247844,61.89389098716471,68.3146549147316,10,10
p01_p99_common,Tout,TimesFM3.0-COV-SPA,0.02909167265008019,0.037299269461133676,22.00471196790036,10.712313846441925,34.380972029834936,10,10
p01_p99_common,RH,LI,0.05672284789724043,0.14584747973865247,61.10810553676798,50.111004037350924,69.4893813312077,10,10
p01_p99_common,RH,SeasonalNaive,0.05672284789724043,0.10163464254670378,44.18945501660539,36.537236381217774,51.22790654443296,10,10
p01_p99_common,RH,AG-LightGBM,0.05672284789724043,0.10192168106481736,44.34663233118439,33.04000660150436,56.34579603621562,10,10
p01_p99_common,RH,Spatial-Ridge,0.05672284789724043,0.1246201908574927,54.48342077881675,49.27241847932181,60.36648426486007,10,10
p01_p99_common,RH,SAITS-spatial,0.05672284789724043,0.07507113378500307,24.441199916216092,18.182194539959728,31.641561584264238,10,10
p01_p99_common,RH,MOMENT-FT,0.05672284789724043,0.10557139867388358,46.270629536262255,35.732553919258386,55.542783924255886,10,10
p01_p99_common,RH,TimesFM3.0-COV-SPA,0.05672284789724043,0.06864403836088383,17.366679974406317,13.23462339427488,22.203392031431367,10,10
p01_p99_common,CO2,LI,0.0752910763097647,0.20082937538495632,62.50992855729183,57.071436157321884,67.3264030730751,10,10
p01_p99_common,CO2,SeasonalNaive,0.0752910763097647,0.11527074033951754,34.68327167154218,29.89881137701873,38.899671385849345,10,10
p01_p99_common,CO2,AG-LightGBM,0.0752910763097647,0.10789655029907493,30.219199686118024,24.045774366326167,36.00355976818002,10,10
p01_p99_common,CO2,Spatial-Ridge,0.0752910763097647,0.12877213899532888,41.53154797522169,33.474368608534775,49.223715407179405,10,10
p01_p99_common,CO2,SAITS-spatial,0.0752910763097647,0.1097312201907628,31.38591170418542,26.42722336574388,36.88144091764842,10,10
p01_p99_common,CO2,MOMENT-FT,0.0752910763097647,0.1229641373723751,38.76989021460866,33.6366991308218,44.08994617926629,10,10
p01_p99_common,CO2,TimesFM3.0-COV-SPA,0.0752910763097647,0.08687035394838571,13.329377759299653,8.79529195492708,18.6458403987419,10,10
p01_p99_common,Rad,LI,0.0316854013117656,0.22773130685468784,86.08649739493937,83.94562552617496,87.98408673817376,10,10
p01_p99_common,Rad,SeasonalNaive,0.0316854013117656,0.07570373608293278,58.14552497507584,52.294889000533644,63.485763038912665,10,10
p01_p99_common,Rad,AG-LightGBM,0.0316854013117656,0.06284845776151564,49.58444098660492,42.202703221055394,56.457962081732965,10,10
p01_p99_common,Rad,Spatial-Ridge,0.0316854013117656,0.04530746771608872,30.0658304050083,17.9503176422046,40.385757108545505,10,9
p01_p99_common,Rad,SAITS-spatial,0.0316854013117656,0.040700214080708876,22.149300618092138,16.00970751234043,27.85285637594474,10,10
p01_p99_common,Rad,MOMENT-FT,0.0316854013117656,0.11993529163598349,73.58125295769138,70.41760367433048,76.76874053617632,10,10
p01_p99_common,Rad,TimesFM3.0-COV-SPA,0.0316854013117656,0.03711244027717116,14.623233947630954,5.333235768923283,22.949425408002686,10,9
