model,variable,mean,sd,ci_low,ci_high,n_greenhouses,normalizer
AG-DeepAR,CO2,0.05538143378692743,0.027770974124221342,0.039384696397667854,0.07196260411897679,10,full_range_all
AG-DeepAR,RH,0.09146223805004641,0.03484066241769859,0.0734922700547536,0.11480079439226559,10,full_range_all
AG-DeepAR,Rad,0.08925329702275524,0.01149766288020423,0.08251211175851023,0.09602851882946613,10,full_range_all
AG-DeepAR,Tin,0.05523281858978287,0.017021222615633547,0.046465899469102005,0.0663882107647177,10,full_range_all
AG-DeepAR,Tout,0.07597883877757591,0.025218618991614154,0.0656932438675347,0.09274073291933736,10,full_range_all
AG-LightGBM,CO2,0.05230585022662458,0.02609357891188802,0.03732320655017645,0.06791964389041266,10,full_range_all
AG-LightGBM,RH,0.08594602197142258,0.0377779498786428,0.0666226368281964,0.11208512829546649,10,full_range_all
AG-LightGBM,Rad,0.05366942409611156,0.009562810440465825,0.04804209208690981,0.05931624303434224,10,full_range_all
AG-LightGBM,Tin,0.048615357477965984,0.011412378579618541,0.04238933842650812,0.05584570633745065,10,full_range_all
AG-LightGBM,Tout,0.06204619528955879,0.026332995772624424,0.051828281987924885,0.07951608005851657,10,full_range_all
AG-PatchTST,CO2,0.05328087877717341,0.027958738115864846,0.037079772210302994,0.06965258152477924,10,full_range_all
AG-PatchTST,RH,0.08551266915152601,0.036681345534982486,0.06680604599690446,0.11022789257575087,10,full_range_all
AG-PatchTST,Rad,0.11445756175580361,0.01592683705441033,0.10494170705063496,0.12352730140718812,10,full_range_all
AG-PatchTST,Tin,0.05185131856071843,0.013648213349853956,0.04455068688926496,0.060496776089995104,10,full_range_all
AG-PatchTST,Tout,0.07319992008530962,0.024898135034161797,0.06334280886425236,0.08970456422071757,10,full_range_all
AG-RandomForest,CO2,0.05486695153610044,0.02638025535330608,0.03963310037674914,0.0704393512287378,10,full_range_all
AG-RandomForest,RH,0.09064320525278416,0.037108971402700044,0.07152487048056151,0.11593871133092595,10,full_range_all
AG-RandomForest,Rad,0.06134594124389829,0.010715246633580568,0.055107353090446294,0.06777307481532567,10,full_range_all
AG-RandomForest,Tin,0.05309262425574125,0.011489443182696677,0.04695966702045986,0.06036494698819032,10,full_range_all
AG-RandomForest,Tout,0.07718531048558873,0.026418856840859165,0.06713802150450728,0.09460224693610153,10,full_range_all
BiTFI-Chronos2,CO2,0.038299681928263676,0.02071033484610212,0.026279563861109953,0.05066529324304598,10,full_range_all
BiTFI-Chronos2,RH,0.04988155467314703,0.02651206776069775,0.0380579751739883,0.06767669081788892,10,full_range_all
BiTFI-Chronos2,Rad,0.031455636716799316,0.003110669986637683,0.029757781339704772,0.03338845602067025,10,full_range_all
BiTFI-Chronos2,Tin,0.03132147272061207,0.011956972113070577,0.02481773382952864,0.03882684318227204,10,full_range_all
BiTFI-Chronos2,Tout,0.026902718661845248,0.00688777520452755,0.023068583910633374,0.031158566858118054,10,full_range_all
BiTFI-TimesFM3,CO2,0.037441773346766995,0.019980588462193985,0.025882709075503826,0.04940143678094503,10,full_range_all
BiTFI-TimesFM3,RH,0.0478406242572488,0.0257644721386043,0.036633755682629894,0.06511976304196235,10,full_range_all
BiTFI-TimesFM3,Rad,0.026860050205136144,0.003169478407853117,0.02500822145140021,0.028734451885921518,10,full_range_all
BiTFI-TimesFM3,Tin,0.029851953393482417,0.011133427855044238,0.02378712783566614,0.036801053540429486,10,full_range_all
BiTFI-TimesFM3,Tout,0.023905822197298934,0.004753043654104439,0.021063878440690152,0.026664424068056046,10,full_range_all
BiTFI-TimesFM3-fwd,CO2,0.0421649558414378,0.021663542332137922,0.029477076003225532,0.05479791448266434,10,full_range_all
BiTFI-TimesFM3-fwd,RH,0.05553113943524731,0.026170729241631833,0.044100371632870554,0.07306290104725545,10,full_range_all
BiTFI-TimesFM3-fwd,Rad,0.02850137550257271,0.004256112571752041,0.02587670866051212,0.030871308970464174,10,full_range_all
BiTFI-TimesFM3-fwd,Tin,0.03469624122436519,0.011411718349844212,0.028374482626242096,0.04176384342372076,10,full_range_all
BiTFI-TimesFM3-fwd,Tout,0.027102296960078032,0.007689671331757079,0.022774626264954887,0.031782781434449014,10,full_range_all
Chronos2,CO2,0.04675950906569694,0.02414441195825658,0.032742720834652475,0.061083477359192805,10,full_range_all
Chronos2,RH,0.07344890197501742,0.025688503749976003,0.06137341674867117,0.09092008456404509,10,full_range_all
Chronos2,Rad,0.053146253876324524,0.008650281444871488,0.04856855842494505,0.05866047053567668,10,full_range_all
Chronos2,Tin,0.048551624779565136,0.01385667378734073,0.04120917431422257,0.05746931830982947,10,full_range_all
Chronos2,Tout,0.0643059470474325,0.00927136104488573,0.059978017253408705,0.07056965649353474,10,full_range_all
LI,CO2,0.1018396994588748,0.05187529051413225,0.07137056977944599,0.13129510925772356,10,full_range_all
LI,RH,0.12287471284103053,0.02507943047182382,0.10828709416423256,0.13781690311939618,10,full_range_all
LI,Rad,0.19535339473702854,0.03527074030789259,0.17489704903086295,0.2159071981868173,10,full_range_all
LI,Tin,0.1104139159839537,0.03830280929217462,0.09062180145218889,0.1348855344938449,10,full_range_all
LI,Tout,0.09333469270431342,0.010280878577845461,0.08722834957851526,0.09915688790843749,10,full_range_all
MOMENT,CO2,0.06613034328985146,0.03266497732528312,0.046889011001836,0.08470915363826106,10,full_range_all
MOMENT,RH,0.09594878851648214,0.022905751268943054,0.0834089785641711,0.1105267307782736,10,full_range_all
MOMENT,Rad,0.12329445476293206,0.016372437762120096,0.11352809494372025,0.1327714052189121,10,full_range_all
MOMENT,Tin,0.07001591595738618,0.020818386418632498,0.059535203100841406,0.0835445867765204,10,full_range_all
MOMENT,Tout,0.07108016897823341,0.006731658424666051,0.0675170048691051,0.07549092836807718,10,full_range_all
MOMENT-FT,CO2,0.06194913120996992,0.030964883842647097,0.043578799370593044,0.07978580052009249,10,full_range_all
MOMENT-FT,RH,0.08888590961143886,0.022519349422086735,0.07710862519312807,0.10380753685182026,10,full_range_all
MOMENT-FT,Rad,0.1023736639509644,0.014256252533398673,0.09377402596361004,0.11053790671527898,10,full_range_all
MOMENT-FT,Tin,0.0627846802819331,0.017432050328984428,0.053783365774895425,0.07404542831892467,10,full_range_all
MOMENT-FT,Tout,0.06767171438464781,0.007004076440127137,0.06409479201914232,0.07231316228879141,10,full_range_all
SAITS,CO2,0.06402857406535707,0.034985259204471236,0.04339395100446211,0.08435206189802301,10,full_range_all
SAITS,RH,0.07285307701366879,0.02272537890783118,0.06219815279589231,0.08839171107509451,10,full_range_all
SAITS,Rad,0.06351089502379167,0.009638648418633438,0.05783489397745168,0.0691299395333804,10,full_range_all
SAITS,Tin,0.04968536110167775,0.022433394834353082,0.03930150567354488,0.06460213767712449,10,full_range_all
SAITS,Tout,0.06413497614428766,0.009871442685352796,0.05962149423161203,0.07075672384002002,10,full_range_all
SAITS-matched-local,CO2,0.054400779767979114,0.02898011475445196,0.03749157875074174,0.07170912890167337,10,full_range_all
SAITS-matched-local,RH,0.06677738574537755,0.023281510356843907,0.05651000482698389,0.08263279102719667,10,full_range_all
SAITS-matched-local,Rad,0.047205491456214554,0.007779119004048109,0.042546541971350514,0.051712693631501466,10,full_range_all
SAITS-matched-local,Tin,0.04251101528787361,0.012519532477402687,0.03578644178070223,0.05048394969398884,10,full_range_all
SAITS-matched-local,Tout,0.05996637698193641,0.009673337244410388,0.055292768583517726,0.06650095890376503,10,full_range_all
SAITS-spatial,CO2,0.05689503124367221,0.030843622799206518,0.03878918679295117,0.07490248136592136,10,full_range_all
SAITS-spatial,RH,0.06317537316437563,0.024776932433879607,0.05274562106844709,0.07976625616495078,10,full_range_all
SAITS-spatial,Rad,0.034676526169337994,0.005023705102025102,0.03215840632148078,0.03797162159861896,10,full_range_all
SAITS-spatial,Tin,0.04623360987171725,0.021013973922626477,0.03592143740226788,0.060162322617878086,10,full_range_all
SAITS-spatial,Tout,0.04458255137451115,0.019840597461349085,0.034592865061741716,0.05745889129449761,10,full_range_all
SeasonalNaive,CO2,0.054985800977984424,0.026080931100494142,0.03998185372537585,0.0706024676994462,10,full_range_all
SeasonalNaive,RH,0.08557405556028205,0.026820458223821432,0.07277286029336118,0.103708718494398,10,full_range_all
SeasonalNaive,Rad,0.0646137547953092,0.010468727901840998,0.05856749069434987,0.0709177223326859,10,full_range_all
SeasonalNaive,Tin,0.05346132098177135,0.01249111452748884,0.04693834735699319,0.06155524367218907,10,full_range_all
SeasonalNaive,Tout,0.07764910388461725,0.011642489146182064,0.0717361738905653,0.08525760413927326,10,full_range_all
Spatial-Ridge,CO2,0.06699499552465903,0.037214610242018414,0.04548039969341216,0.08870831222761884,10,full_range_all
Spatial-Ridge,RH,0.10511985546876765,0.0455992125363645,0.08612956711521788,0.13571378178410812,10,full_range_all
Spatial-Ridge,Rad,0.03834710175790066,0.014933771583481735,0.030589501322298308,0.04792188973312146,10,full_range_all
Spatial-Ridge,Tin,0.06134814424981866,0.01646825955098727,0.05199887513534194,0.07134345326702413,10,full_range_all
Spatial-Ridge,Tout,0.03946944306477638,0.026682057445583485,0.027111228358727053,0.05717728857961354,10,full_range_all
TimesFM2.5,CO2,0.04895956282986895,0.02628500556008793,0.033798552825263985,0.06462672579756534,10,full_range_all
TimesFM2.5,RH,0.08379899205779504,0.03752417337329807,0.06486487443921,0.10894157689777746,10,full_range_all
TimesFM2.5,Rad,0.05600019178318942,0.008580169875610687,0.051117608732946566,0.06131906170415932,10,full_range_all
TimesFM2.5,Tin,0.04894030157420215,0.01295530375144457,0.041983315912172976,0.05713064769233467,10,full_range_all
TimesFM2.5,Tout,0.06988526074340025,0.026061749687612018,0.06021931620081905,0.08696126380794453,10,full_range_all
TimesFM3.0,CO2,0.047601525036973055,0.025304354121676493,0.03303791659133683,0.06253182214602038,10,full_range_all
TimesFM3.0,RH,0.08264883233651474,0.037018639817705264,0.06390928430945582,0.10758994373594986,10,full_range_all
TimesFM3.0,Rad,0.054084454716887095,0.007547229123003226,0.049677294738039425,0.05859915089393265,10,full_range_all
TimesFM3.0,Tin,0.047728829518755886,0.011854169084119712,0.041340311959273277,0.055215328568855214,10,full_range_all
TimesFM3.0,Tout,0.06824709444022789,0.025781798817667744,0.0589435667912403,0.08505705916695076,10,full_range_all
TimesFM3.0-COV,CO2,0.04637180737082627,0.024092285519347514,0.03230650461334677,0.06055529199706021,10,full_range_all
TimesFM3.0-COV,RH,0.062306216230116104,0.025500914649831483,0.05048311930704091,0.07948646162905418,10,full_range_all
TimesFM3.0-COV,Rad,0.043278792818163214,0.00834563725764037,0.038179702985162024,0.04802014574434669,10,full_range_all
TimesFM3.0-COV,Tin,0.03947821757535596,0.011897182589228655,0.03297905230136329,0.046898902581062524,10,full_range_all
TimesFM3.0-COV,Tout,0.05719619576249574,0.01642004553173396,0.0496580971410319,0.06844937168903055,10,full_range_all
TimesFM3.0-COV-SPA,CO2,0.04336521523918504,0.022757671025567663,0.030171269629837436,0.056744368372575446,10,full_range_all
TimesFM3.0-COV-SPA,RH,0.05782795301538951,0.02661325238950748,0.045671926446589545,0.07580463628821621,10,full_range_all
TimesFM3.0-COV-SPA,Rad,0.0314500419282245,0.0054743252166415375,0.028023171534916343,0.03439568918127882,10,full_range_all
TimesFM3.0-COV-SPA,Tin,0.03665802281748816,0.011230541440167587,0.030490779930523994,0.043692884438123226,10,full_range_all
TimesFM3.0-COV-SPA,Tout,0.030526540511813628,0.013852396551692,0.024045684363919274,0.039842685189700154,10,full_range_all
TimesFM3.0-MV,CO2,0.04592644350363533,0.023508047207682396,0.03222643796303151,0.05966620117770665,10,full_range_all
TimesFM3.0-MV,RH,0.07310701456613505,0.02529691251266226,0.061353618353627806,0.09026822892857676,10,full_range_all
TimesFM3.0-MV,Rad,0.053473213429268494,0.00784492283753127,0.04898932226366036,0.058319893868679015,10,full_range_all
TimesFM3.0-MV,Tin,0.04733438933440875,0.012864986210108228,0.040453030824402735,0.0556308249752754,10,full_range_all
TimesFM3.0-MV,Tout,0.06260172732576773,0.008582565334635804,0.058919332546920916,0.0683787534579927,10,full_range_all
AG-DeepAR,CO2,0.05538143378692743,0.027770974124221342,0.039384696397667854,0.07196260411897679,10,full_range_common
AG-DeepAR,RH,0.09146223805004641,0.03484066241769859,0.0734922700547536,0.11480079439226559,10,full_range_common
AG-DeepAR,Rad,0.08925329702275524,0.01149766288020423,0.08251211175851023,0.09602851882946613,10,full_range_common
AG-DeepAR,Tin,0.05523281858978287,0.017021222615633547,0.046465899469102005,0.0663882107647177,10,full_range_common
AG-DeepAR,Tout,0.07597883877757591,0.025218618991614154,0.0656932438675347,0.09274073291933736,10,full_range_common
AG-LightGBM,CO2,0.05230585022662458,0.02609357891188802,0.03732320655017645,0.06791964389041266,10,full_range_common
AG-LightGBM,RH,0.08594602197142258,0.0377779498786428,0.0666226368281964,0.11208512829546649,10,full_range_common
AG-LightGBM,Rad,0.05366942409611156,0.009562810440465825,0.04804209208690981,0.05931624303434224,10,full_range_common
AG-LightGBM,Tin,0.048615357477965984,0.011412378579618541,0.04238933842650812,0.05584570633745065,10,full_range_common
AG-LightGBM,Tout,0.06204619528955879,0.026332995772624424,0.051828281987924885,0.07951608005851657,10,full_range_common
AG-PatchTST,CO2,0.05328087877717341,0.027958738115864846,0.037079772210302994,0.06965258152477924,10,full_range_common
AG-PatchTST,RH,0.08551266915152601,0.036681345534982486,0.06680604599690446,0.11022789257575087,10,full_range_common
AG-PatchTST,Rad,0.11445756175580361,0.01592683705441033,0.10494170705063496,0.12352730140718812,10,full_range_common
AG-PatchTST,Tin,0.05185131856071843,0.013648213349853956,0.04455068688926496,0.060496776089995104,10,full_range_common
AG-PatchTST,Tout,0.07319992008530962,0.024898135034161797,0.06334280886425236,0.08970456422071757,10,full_range_common
AG-RandomForest,CO2,0.05486695153610044,0.02638025535330608,0.03963310037674914,0.0704393512287378,10,full_range_common
AG-RandomForest,RH,0.09064320525278416,0.037108971402700044,0.07152487048056151,0.11593871133092595,10,full_range_common
AG-RandomForest,Rad,0.06134594124389829,0.010715246633580568,0.055107353090446294,0.06777307481532567,10,full_range_common
AG-RandomForest,Tin,0.05309262425574125,0.011489443182696677,0.04695966702045986,0.06036494698819032,10,full_range_common
AG-RandomForest,Tout,0.07718531048558873,0.026418856840859165,0.06713802150450728,0.09460224693610153,10,full_range_common
BiTFI-Chronos2,CO2,0.038299681928263676,0.02071033484610212,0.026279563861109953,0.05066529324304598,10,full_range_common
BiTFI-Chronos2,RH,0.04988155467314703,0.02651206776069775,0.0380579751739883,0.06767669081788892,10,full_range_common
BiTFI-Chronos2,Rad,0.031455636716799316,0.003110669986637683,0.029757781339704772,0.03338845602067025,10,full_range_common
BiTFI-Chronos2,Tin,0.03132147272061207,0.011956972113070577,0.02481773382952864,0.03882684318227204,10,full_range_common
BiTFI-Chronos2,Tout,0.026902718661845248,0.00688777520452755,0.023068583910633374,0.031158566858118054,10,full_range_common
BiTFI-TimesFM3,CO2,0.037441773346766995,0.019980588462193985,0.025882709075503826,0.04940143678094503,10,full_range_common
BiTFI-TimesFM3,RH,0.0478406242572488,0.0257644721386043,0.036633755682629894,0.06511976304196235,10,full_range_common
BiTFI-TimesFM3,Rad,0.026860050205136144,0.003169478407853117,0.02500822145140021,0.028734451885921518,10,full_range_common
BiTFI-TimesFM3,Tin,0.029851953393482417,0.011133427855044238,0.02378712783566614,0.036801053540429486,10,full_range_common
BiTFI-TimesFM3,Tout,0.023905822197298934,0.004753043654104439,0.021063878440690152,0.026664424068056046,10,full_range_common
BiTFI-TimesFM3-fwd,CO2,0.0421649558414378,0.021663542332137922,0.029477076003225532,0.05479791448266434,10,full_range_common
BiTFI-TimesFM3-fwd,RH,0.05553113943524731,0.026170729241631833,0.044100371632870554,0.07306290104725545,10,full_range_common
BiTFI-TimesFM3-fwd,Rad,0.02850137550257271,0.004256112571752041,0.02587670866051212,0.030871308970464174,10,full_range_common
BiTFI-TimesFM3-fwd,Tin,0.03469624122436519,0.011411718349844212,0.028374482626242096,0.04176384342372076,10,full_range_common
BiTFI-TimesFM3-fwd,Tout,0.027102296960078032,0.007689671331757079,0.022774626264954887,0.031782781434449014,10,full_range_common
Chronos2,CO2,0.04675950906569694,0.02414441195825658,0.032742720834652475,0.061083477359192805,10,full_range_common
Chronos2,RH,0.07344890197501742,0.025688503749976003,0.06137341674867117,0.09092008456404509,10,full_range_common
Chronos2,Rad,0.053146253876324524,0.008650281444871488,0.04856855842494505,0.05866047053567668,10,full_range_common
Chronos2,Tin,0.048551624779565136,0.01385667378734073,0.04120917431422257,0.05746931830982947,10,full_range_common
Chronos2,Tout,0.0643059470474325,0.00927136104488573,0.059978017253408705,0.07056965649353474,10,full_range_common
LI,CO2,0.1018396994588748,0.05187529051413225,0.07137056977944599,0.13129510925772356,10,full_range_common
LI,RH,0.12287471284103053,0.02507943047182382,0.10828709416423256,0.13781690311939618,10,full_range_common
LI,Rad,0.19535339473702854,0.03527074030789259,0.17489704903086295,0.2159071981868173,10,full_range_common
LI,Tin,0.1104139159839537,0.03830280929217462,0.09062180145218889,0.1348855344938449,10,full_range_common
LI,Tout,0.09333469270431342,0.010280878577845461,0.08722834957851526,0.09915688790843749,10,full_range_common
MOMENT,CO2,0.06613034328985146,0.03266497732528312,0.046889011001836,0.08470915363826106,10,full_range_common
MOMENT,RH,0.09594878851648214,0.022905751268943054,0.0834089785641711,0.1105267307782736,10,full_range_common
MOMENT,Rad,0.12329445476293206,0.016372437762120096,0.11352809494372025,0.1327714052189121,10,full_range_common
MOMENT,Tin,0.07001591595738618,0.020818386418632498,0.059535203100841406,0.0835445867765204,10,full_range_common
MOMENT,Tout,0.07108016897823341,0.006731658424666051,0.0675170048691051,0.07549092836807718,10,full_range_common
MOMENT-FT,CO2,0.06194913120996992,0.030964883842647097,0.043578799370593044,0.07978580052009249,10,full_range_common
MOMENT-FT,RH,0.08888590961143886,0.022519349422086735,0.07710862519312807,0.10380753685182026,10,full_range_common
MOMENT-FT,Rad,0.1023736639509644,0.014256252533398673,0.09377402596361004,0.11053790671527898,10,full_range_common
MOMENT-FT,Tin,0.0627846802819331,0.017432050328984428,0.053783365774895425,0.07404542831892467,10,full_range_common
MOMENT-FT,Tout,0.06767171438464781,0.007004076440127137,0.06409479201914232,0.07231316228879141,10,full_range_common
SAITS,CO2,0.06402857406535707,0.034985259204471236,0.04339395100446211,0.08435206189802301,10,full_range_common
SAITS,RH,0.07285307701366879,0.02272537890783118,0.06219815279589231,0.08839171107509451,10,full_range_common
SAITS,Rad,0.06351089502379167,0.009638648418633438,0.05783489397745168,0.0691299395333804,10,full_range_common
SAITS,Tin,0.04968536110167775,0.022433394834353082,0.03930150567354488,0.06460213767712449,10,full_range_common
SAITS,Tout,0.06413497614428766,0.009871442685352796,0.05962149423161203,0.07075672384002002,10,full_range_common
SAITS-matched-local,CO2,0.054400779767979114,0.02898011475445196,0.03749157875074174,0.07170912890167337,10,full_range_common
SAITS-matched-local,RH,0.06677738574537755,0.023281510356843907,0.05651000482698389,0.08263279102719667,10,full_range_common
SAITS-matched-local,Rad,0.047205491456214554,0.007779119004048109,0.042546541971350514,0.051712693631501466,10,full_range_common
SAITS-matched-local,Tin,0.04251101528787361,0.012519532477402687,0.03578644178070223,0.05048394969398884,10,full_range_common
SAITS-matched-local,Tout,0.05996637698193641,0.009673337244410388,0.055292768583517726,0.06650095890376503,10,full_range_common
SAITS-spatial,CO2,0.05689503124367221,0.030843622799206518,0.03878918679295117,0.07490248136592136,10,full_range_common
SAITS-spatial,RH,0.06317537316437563,0.024776932433879607,0.05274562106844709,0.07976625616495078,10,full_range_common
SAITS-spatial,Rad,0.034676526169337994,0.005023705102025102,0.03215840632148078,0.03797162159861896,10,full_range_common
SAITS-spatial,Tin,0.04623360987171725,0.021013973922626477,0.03592143740226788,0.060162322617878086,10,full_range_common
SAITS-spatial,Tout,0.04458255137451115,0.019840597461349085,0.034592865061741716,0.05745889129449761,10,full_range_common
SeasonalNaive,CO2,0.054985800977984424,0.026080931100494142,0.03998185372537585,0.0706024676994462,10,full_range_common
SeasonalNaive,RH,0.08557405556028205,0.026820458223821432,0.07277286029336118,0.103708718494398,10,full_range_common
SeasonalNaive,Rad,0.0646137547953092,0.010468727901840998,0.05856749069434987,0.0709177223326859,10,full_range_common
SeasonalNaive,Tin,0.05346132098177135,0.01249111452748884,0.04693834735699319,0.06155524367218907,10,full_range_common
SeasonalNaive,Tout,0.07764910388461725,0.011642489146182064,0.0717361738905653,0.08525760413927326,10,full_range_common
Spatial-Ridge,CO2,0.06699499552465903,0.037214610242018414,0.04548039969341216,0.08870831222761884,10,full_range_common
Spatial-Ridge,RH,0.10511985546876765,0.0455992125363645,0.08612956711521788,0.13571378178410812,10,full_range_common
Spatial-Ridge,Rad,0.03834710175790066,0.014933771583481735,0.030589501322298308,0.04792188973312146,10,full_range_common
Spatial-Ridge,Tin,0.06134814424981866,0.01646825955098727,0.05199887513534194,0.07134345326702413,10,full_range_common
Spatial-Ridge,Tout,0.03946944306477638,0.026682057445583485,0.027111228358727053,0.05717728857961354,10,full_range_common
TimesFM2.5,CO2,0.04895956282986895,0.02628500556008793,0.033798552825263985,0.06462672579756534,10,full_range_common
TimesFM2.5,RH,0.08379899205779504,0.03752417337329807,0.06486487443921,0.10894157689777746,10,full_range_common
TimesFM2.5,Rad,0.05600019178318942,0.008580169875610687,0.051117608732946566,0.06131906170415932,10,full_range_common
TimesFM2.5,Tin,0.04894030157420215,0.01295530375144457,0.041983315912172976,0.05713064769233467,10,full_range_common
TimesFM2.5,Tout,0.06988526074340025,0.026061749687612018,0.06021931620081905,0.08696126380794453,10,full_range_common
TimesFM3.0,CO2,0.047601525036973055,0.025304354121676493,0.03303791659133683,0.06253182214602038,10,full_range_common
TimesFM3.0,RH,0.08264883233651474,0.037018639817705264,0.06390928430945582,0.10758994373594986,10,full_range_common
TimesFM3.0,Rad,0.054084454716887095,0.007547229123003226,0.049677294738039425,0.05859915089393265,10,full_range_common
TimesFM3.0,Tin,0.047728829518755886,0.011854169084119712,0.041340311959273277,0.055215328568855214,10,full_range_common
TimesFM3.0,Tout,0.06824709444022789,0.025781798817667744,0.0589435667912403,0.08505705916695076,10,full_range_common
TimesFM3.0-COV,CO2,0.04637180737082627,0.024092285519347514,0.03230650461334677,0.06055529199706021,10,full_range_common
TimesFM3.0-COV,RH,0.062306216230116104,0.025500914649831483,0.05048311930704091,0.07948646162905418,10,full_range_common
TimesFM3.0-COV,Rad,0.043278792818163214,0.00834563725764037,0.038179702985162024,0.04802014574434669,10,full_range_common
TimesFM3.0-COV,Tin,0.03947821757535596,0.011897182589228655,0.03297905230136329,0.046898902581062524,10,full_range_common
TimesFM3.0-COV,Tout,0.05719619576249574,0.01642004553173396,0.0496580971410319,0.06844937168903055,10,full_range_common
TimesFM3.0-COV-SPA,CO2,0.04336521523918504,0.022757671025567663,0.030171269629837436,0.056744368372575446,10,full_range_common
TimesFM3.0-COV-SPA,RH,0.05782795301538951,0.02661325238950748,0.045671926446589545,0.07580463628821621,10,full_range_common
TimesFM3.0-COV-SPA,Rad,0.0314500419282245,0.0054743252166415375,0.028023171534916343,0.03439568918127882,10,full_range_common
TimesFM3.0-COV-SPA,Tin,0.03665802281748816,0.011230541440167587,0.030490779930523994,0.043692884438123226,10,full_range_common
TimesFM3.0-COV-SPA,Tout,0.030526540511813628,0.013852396551692,0.024045684363919274,0.039842685189700154,10,full_range_common
TimesFM3.0-MV,CO2,0.04592644350363533,0.023508047207682396,0.03222643796303151,0.05966620117770665,10,full_range_common
TimesFM3.0-MV,RH,0.07310701456613505,0.02529691251266226,0.061353618353627806,0.09026822892857676,10,full_range_common
TimesFM3.0-MV,Rad,0.053473213429268494,0.00784492283753127,0.04898932226366036,0.058319893868679015,10,full_range_common
TimesFM3.0-MV,Tin,0.04733438933440875,0.012864986210108228,0.040453030824402735,0.0556308249752754,10,full_range_common
TimesFM3.0-MV,Tout,0.06260172732576773,0.008582565334635804,0.058919332546920916,0.0683787534579927,10,full_range_common
AG-DeepAR,CO2,0.11301196391533452,0.024201549862764026,0.09945201170855336,0.12734707751276997,10,p01_p99_common
AG-DeepAR,RH,0.10864740788656971,0.03869498702176943,0.0883698399541434,0.13359327571031201,10,p01_p99_common
AG-DeepAR,Rad,0.10458953743354879,0.011627298677616714,0.09782626809443491,0.11150301365965977,10,p01_p99_common
AG-DeepAR,Tin,0.07325507492290673,0.01989879188894837,0.06299882760575037,0.08633642456950742,10,p01_p99_common
AG-DeepAR,Tout,0.09317080750492937,0.033498639838806035,0.0789715593001169,0.11568680065445336,10,p01_p99_common
AG-LightGBM,CO2,0.10789655029907493,0.026084017325076616,0.09354525741745816,0.12358060967640962,10,p01_p99_common
AG-LightGBM,RH,0.10192168106481736,0.04183299292609045,0.07998786929564804,0.12953636733643079,10,p01_p99_common
AG-LightGBM,Rad,0.06284845776151564,0.010341933559441614,0.05693717493944748,0.06916311911568163,10,p01_p99_common
AG-LightGBM,Tin,0.06451916801230853,0.012629870192010853,0.05762600395723259,0.07248345624048844,10,p01_p99_common
AG-LightGBM,Tout,0.07618905690230406,0.03456297082768706,0.06221127356332188,0.09922471973684026,10,p01_p99_common
AG-PatchTST,CO2,0.10590061255813984,0.019863528668175846,0.09471652535305417,0.11752353441461302,10,p01_p99_common
AG-PatchTST,RH,0.10137888205449497,0.040755494143404014,0.08026071380035556,0.12802542390217725,10,p01_p99_common
AG-PatchTST,Rad,0.13392151073715905,0.014821460184020432,0.12520201539117612,0.14247660086254427,10,p01_p99_common
AG-PatchTST,Tin,0.0687891282695017,0.015461269092913026,0.060374560902128435,0.07846948105082296,10,p01_p99_common
AG-PatchTST,Tout,0.08984869155726086,0.03320770418289837,0.07577003682393936,0.11228537229847882,10,p01_p99_common
AG-RandomForest,CO2,0.11445298515810691,0.029390540092305052,0.09835303195931272,0.13204936011680773,10,p01_p99_common
AG-RandomForest,RH,0.1075468485886338,0.041153038365607235,0.08589445023934861,0.1346003591112458,10,p01_p99_common
AG-RandomForest,Rad,0.07181266466991623,0.01142407196612218,0.06550051202071393,0.07886478814744524,10,p01_p99_common
AG-RandomForest,Tin,0.0705201917702396,0.012573734310844355,0.06373797124687322,0.07848274354102527,10,p01_p99_common
AG-RandomForest,Tout,0.09464504953762698,0.035032163714474374,0.08055026631662845,0.11814644750273405,10,p01_p99_common
BiTFI-Chronos2,CO2,0.07664430421621812,0.016505519641809383,0.06725930152292683,0.08640206041217462,10,p01_p99_common
BiTFI-Chronos2,RH,0.059093980663559274,0.028998042292163195,0.04530859427131167,0.07874477620159658,10,p01_p99_common
BiTFI-Chronos2,Rad,0.03695518807693894,0.003819480654949853,0.034741447609176725,0.03920584378043283,10,p01_p99_common
BiTFI-Chronos2,Tin,0.041421952844100926,0.014262366704846999,0.033630621912986804,0.050288540634500174,10,p01_p99_common
BiTFI-Chronos2,Tout,0.03278247719237579,0.008588105475117461,0.028203120024097264,0.038317158022768194,10,p01_p99_common
BiTFI-TimesFM3,CO2,0.0752910763097647,0.016264002345215956,0.06600787930457842,0.08499602472055759,10,p01_p99_common
BiTFI-TimesFM3,RH,0.05672284789724043,0.0282549749212279,0.04370140760390113,0.07573337821733177,10,p01_p99_common
BiTFI-TimesFM3,Rad,0.0316854013117656,0.00490079550722571,0.028796238566876742,0.03458275453034821,10,p01_p99_common
BiTFI-TimesFM3,Tin,0.039505025443849054,0.013356888292017933,0.032201060611762373,0.047861598899952715,10,p01_p99_common
BiTFI-TimesFM3,Tout,0.02909167265008019,0.005654607462347529,0.025871077511408175,0.032531632501130496,10,p01_p99_common
BiTFI-TimesFM3-fwd,CO2,0.08481971591552787,0.017642145274506207,0.07492981963436716,0.09538187124274575,10,p01_p99_common
BiTFI-TimesFM3-fwd,RH,0.06586906273393225,0.0285118025394325,0.052557234314161726,0.08505523436405535,10,p01_p99_common
BiTFI-TimesFM3-fwd,Rad,0.03362298609179776,0.005874848076255839,0.02992439956311951,0.03681576774110396,10,p01_p99_common
BiTFI-TimesFM3-fwd,Tin,0.045929641460695156,0.013365306758364157,0.03846976007989384,0.05418016348139947,10,p01_p99_common
BiTFI-TimesFM3-fwd,Tout,0.03301676325528406,0.009614445738095716,0.0277925682553037,0.03906766593811713,10,p01_p99_common
Chronos2,CO2,0.09385455920570487,0.018971458180856136,0.08321123485602817,0.10520202254619196,10,p01_p99_common
Chronos2,RH,0.08715330765496662,0.027409765672924618,0.07356085941967033,0.10556087132981819,10,p01_p99_common
Chronos2,Rad,0.062179967333854023,0.008558275769752093,0.05799577080813723,0.06785932237472048,10,p01_p99_common
Chronos2,Tin,0.06434842620713263,0.015726038238921932,0.055953293413296516,0.07444442465907404,10,p01_p99_common
Chronos2,Tout,0.07862333618298235,0.0133045018059103,0.07207212481448638,0.08752495119142774,10,p01_p99_common
LI,CO2,0.20082937538495632,0.03884471478962215,0.17883468910308353,0.22411098951884567,10,p01_p99_common
LI,RH,0.14584747973865247,0.02537614112118465,0.130886394275508,0.16072186140065176,10,p01_p99_common
LI,Rad,0.22773130685468784,0.030161946141076618,0.21047669257029278,0.24512630647665273,10,p01_p99_common
LI,Tin,0.1464742665149126,0.04604866869948801,0.12234556348606795,0.17566493307020825,10,p01_p99_common
LI,Tout,0.11396584210327868,0.014645652216622396,0.10541283447494719,0.12270032133709383,10,p01_p99_common
MOMENT,CO2,0.1320250442791274,0.020371025579137145,0.12018352248105796,0.14356300912504133,10,p01_p99_common
MOMENT,RH,0.11400326033879422,0.02396523398621018,0.1005596984150737,0.1288759557926062,10,p01_p99_common
MOMENT,Rad,0.14451433510762077,0.016702924600240605,0.13406258726565387,0.1538221280845471,10,p01_p99_common
MOMENT,Tin,0.09290855754928584,0.024370620407225166,0.08059322831556812,0.1087110070593443,10,p01_p99_common
MOMENT,Tout,0.08695883287506327,0.011501777954751371,0.08050564614716473,0.09430456343666119,10,p01_p99_common
MOMENT-FT,CO2,0.1229641373723751,0.019006603011278662,0.11188063217026738,0.13392785361641693,10,p01_p99_common
MOMENT-FT,RH,0.10557139867388358,0.023424636923641735,0.09310168840849031,0.12067570099689516,10,p01_p99_common
MOMENT-FT,Rad,0.11993529163598349,0.01438040056955238,0.11110096085277874,0.127962036762463,10,p01_p99_common
MOMENT-FT,Tin,0.0833353409742692,0.020190607455334224,0.07290300026076679,0.0963922710159347,10,p01_p99_common
MOMENT-FT,Tout,0.08280395889183723,0.011615591081106984,0.07641856433479356,0.09039016309760768,10,p01_p99_common
SAITS,CO2,0.12269231785488166,0.01696000848602496,0.11271640218123148,0.13242158841256096,10,p01_p99_common
SAITS,RH,0.0867881837831997,0.025123106831524147,0.07413108119243295,0.10332202936187589,10,p01_p99_common
SAITS,Rad,0.07417563295963617,0.008106942863355565,0.06957650011937588,0.07898031420762436,10,p01_p99_common
SAITS,Tin,0.06576975019453173,0.027331423664550512,0.0532514550310876,0.08402880751684583,10,p01_p99_common
SAITS,Tout,0.07841024160105384,0.013915433545945776,0.07171118092229613,0.08773753379493231,10,p01_p99_common
SAITS-matched-local,CO2,0.1077048666332183,0.01895169080648114,0.09712153982923905,0.11913238103644767,10,p01_p99_common
SAITS-matched-local,RH,0.07941888370543486,0.0253011452910648,0.0673659920877188,0.096473119150961,10,p01_p99_common
SAITS-matched-local,Rad,0.055268872507441336,0.00796177630043558,0.05049536609986688,0.05983814955826553,10,p01_p99_common
SAITS-matched-local,Tin,0.0564845491054113,0.014994646788647968,0.048249102940162006,0.06592900286021475,10,p01_p99_common
SAITS-matched-local,Tout,0.07348261680301452,0.014448756638475847,0.06595471174284674,0.08313050987047528,10,p01_p99_common
SAITS-spatial,CO2,0.1097312201907628,0.015126871172822241,0.1011198508270403,0.11871329105696547,10,p01_p99_common
SAITS-spatial,RH,0.07507113378500307,0.02684824727384287,0.0627220811878039,0.09307235875885393,10,p01_p99_common
SAITS-spatial,Rad,0.040700214080708876,0.005631380700221881,0.037703165613684586,0.04425009494669162,10,p01_p99_common
SAITS-spatial,Tin,0.06107823533634327,0.025527365548683567,0.04872312369868633,0.0779528783045672,10,p01_p99_common
SAITS-spatial,Tout,0.05439194447013703,0.02386648547240368,0.042062734878377625,0.06975451765151817,10,p01_p99_common
SeasonalNaive,CO2,0.11527074033951754,0.030074982609397786,0.09874122986995611,0.13353839245576984,10,p01_p99_common
SeasonalNaive,RH,0.10163464254670378,0.0286505881002621,0.08732691378250441,0.12067417193061135,10,p01_p99_common
SeasonalNaive,Rad,0.07570373608293278,0.011496313597869868,0.06962173815306295,0.0829787962658279,10,p01_p99_common
SeasonalNaive,Tin,0.07098606334478132,0.013870198164165841,0.0636394829708419,0.07985946669242167,10,p01_p99_common
SeasonalNaive,Tout,0.09496430705883292,0.016630466716150212,0.08624071052600811,0.10589790334297265,10,p01_p99_common
Spatial-Ridge,CO2,0.12877213899532888,0.021468171030754324,0.11678308608812295,0.14189807067774893,10,p01_p99_common
Spatial-Ridge,RH,0.1246201908574927,0.04890531816991736,0.10281156265360632,0.1576296725512893,10,p01_p99_common
Spatial-Ridge,Rad,0.04530746771608872,0.01783527708832139,0.03565208843198081,0.0565727160104333,10,p01_p99_common
Spatial-Ridge,Tin,0.08185308550876932,0.02146706759926599,0.06964948016407292,0.0948247733862175,10,p01_p99_common
Spatial-Ridge,Tout,0.04781105806179543,0.031285856518805215,0.03313490660553539,0.06855357488079074,10,p01_p99_common
TimesFM2.5,CO2,0.09728552546422373,0.019614471943122293,0.08608284814895496,0.10878958150188574,10,p01_p99_common
TimesFM2.5,RH,0.09937331538499103,0.0419358179547318,0.0778629337358655,0.12686820096118487,10,p01_p99_common
TimesFM2.5,Rad,0.0655105280223523,0.008277532759148842,0.061022674129384516,0.07073150728451144,10,p01_p99_common
TimesFM2.5,Tin,0.0649229479374669,0.014676817254824484,0.056963246571378835,0.07406213603355022,10,p01_p99_common
TimesFM2.5,Tout,0.08578392631693912,0.0345212196527035,0.07194670199607155,0.10896437653133945,10,p01_p99_common
TimesFM3.0,CO2,0.09427314429314855,0.017577144225085817,0.08409807341841286,0.10443669575514103,10,p01_p99_common
TimesFM3.0,RH,0.09798973008510313,0.04131646945146961,0.07683218043832618,0.12507670950375652,10,p01_p99_common
TimesFM3.0,Rad,0.06332182435051606,0.00742046682616112,0.05921335120224211,0.06791240624327115,10,p01_p99_common
TimesFM3.0,Tin,0.0633395788709942,0.013258039958938901,0.056115067978439306,0.07174537942184507,10,p01_p99_common
TimesFM3.0,Tout,0.0838059554366629,0.034193091762275946,0.07009440041294528,0.10670882028815926,10,p01_p99_common
TimesFM3.0-COV,CO2,0.09246630686202871,0.01805932929289753,0.08239376516066382,0.10329153602403644,10,p01_p99_common
TimesFM3.0-COV,RH,0.07396951609786243,0.027848687036689468,0.06030471518636854,0.09250880536593369,10,p01_p99_common
TimesFM3.0-COV,Rad,0.0507949226572747,0.009304557642137981,0.044862705440271725,0.05586203088223703,10,p01_p99_common
TimesFM3.0-COV,Tin,0.052396813956174716,0.014070157740094543,0.04457368624749504,0.06098110012694328,10,p01_p99_common
TimesFM3.0-COV,Tout,0.0701689325804635,0.02218629704745722,0.05962870487535821,0.08521617286972973,10,p01_p99_common
TimesFM3.0-COV-SPA,CO2,0.08687035394838571,0.01807532952044853,0.07657584322521087,0.09754528673733,10,p01_p99_common
TimesFM3.0-COV-SPA,RH,0.06864403836088383,0.029113352077149345,0.054497971002644995,0.08807619492727828,10,p01_p99_common
TimesFM3.0-COV-SPA,Rad,0.03711244027717116,0.007279782385184359,0.03259218563680135,0.04096870161316866,10,p01_p99_common
TimesFM3.0-COV-SPA,Tin,0.04854853439433461,0.012980088683453565,0.04135986726475812,0.05661704974498219,10,p01_p99_common
TimesFM3.0-COV-SPA,Tout,0.037299269461133676,0.01774255512004306,0.029321957491650882,0.04924794148129977,10,p01_p99_common
TimesFM3.0-MV,CO2,0.0918267169243777,0.017047300735941018,0.08222277323144482,0.1018904729134858,10,p01_p99_common
TimesFM3.0-MV,RH,0.08674914592005815,0.02695411382139316,0.07360528490343009,0.10486777437746077,10,p01_p99_common
TimesFM3.0-MV,Rad,0.06262505686089563,0.007973695083992713,0.05826824529054459,0.06759003862929971,10,p01_p99_common
TimesFM3.0-MV,Tin,0.06276286352504155,0.014510349905359004,0.05495280168010873,0.07204000506972097,10,p01_p99_common
TimesFM3.0-MV,Tout,0.07659092657911303,0.012797302815505137,0.0702934028824631,0.08528932790253223,10,p01_p99_common
