model,mean,sd,ci_low,ci_high,n_greenhouses,rank_all_21,is_main_eight,rank_main_eight,normalizer
BiTFI-TimesFM3,0.03459655513497478,0.010132702422118472,0.029002869419187543,0.040908964882523505,10,1,True,1.0,full_range_all
BiTFI-Chronos2,0.036695444816115176,0.010800511202796327,0.030560091132927923,0.04340550259738113,10,2,False,,full_range_all
BiTFI-TimesFM3-fwd,0.03941916216743526,0.010623045575012792,0.03335537260372234,0.045993082604278895,10,3,False,,full_range_all
TimesFM3.0-COV-SPA,0.04095275068234178,0.010500657750381068,0.035043911823126876,0.04744256246996696,10,4,True,2.0,full_range_all
TimesFM3.0-COV,0.049219470394388065,0.011128906113276318,0.04315131996122255,0.056346962251789964,10,5,False,,full_range_all
SAITS-spatial,0.050939832210072686,0.014916636379461794,0.0425097262656386,0.06001328152163555,10,6,True,3.0,full_range_all
SAITS-matched-local,0.05459940321783839,0.011410293912974606,0.048266345452887556,0.06176876322320867,10,7,False,,full_range_all
TimesFM3.0-MV,0.056353887984234394,0.012274157828391252,0.049622454722890695,0.06407889939555968,10,8,False,,full_range_all
Chronos2,0.05716300496781934,0.012530022172463781,0.050355611869478026,0.06508444050658121,10,9,False,,full_range_all
TimesFM3.0,0.05997948920954045,0.0184136716279849,0.050686329217596755,0.07228578822921375,10,10,False,,full_range_all
AG-LightGBM,0.061135340418098635,0.018507369118062056,0.051621269945416076,0.0733138939231141,10,11,True,4.0,full_range_all
TimesFM2.5,0.061416469665404115,0.018957964691886292,0.05192210808840681,0.07408505678894561,10,12,False,,full_range_all
SAITS,0.06272988039114727,0.015062820922441602,0.05438655186394185,0.07213976920909727,10,13,False,,full_range_all
Spatial-Ridge,0.0664230199077649,0.015383575967560275,0.05812264043714045,0.07623172889060087,10,14,True,5.0,full_range_all
SeasonalNaive,0.06685691388961937,0.01213017957956971,0.06010826067244519,0.07437089272187178,10,15,True,6.0,full_range_all
AG-RandomForest,0.06731903423965574,0.018521304189693968,0.057878365479031704,0.07956081276350567,10,16,False,,full_range_all
AG-DeepAR,0.07200781771742512,0.018189369125240315,0.06285347271237282,0.08410839804573753,10,17,False,,full_range_all
AG-PatchTST,0.07256595534369738,0.01870262298952957,0.06301406649610711,0.08490070990426783,10,18,False,,full_range_all
MOMENT-FT,0.07540028995588867,0.012661928381892123,0.06841150163554192,0.08330343994814052,10,19,True,7.0,full_range_all
MOMENT,0.08328123985257488,0.013273774120373408,0.07603324838099007,0.09161752861503225,10,20,False,,full_range_all
LI,0.12058634272551912,0.02191735781874512,0.10780307802146019,0.13338277568935367,10,21,True,8.0,full_range_all
BiTFI-TimesFM3,0.03459655513497478,0.010132702422118472,0.029002869419187543,0.040908964882523505,10,1,True,1.0,full_range_common
BiTFI-Chronos2,0.036695444816115176,0.010800511202796327,0.030560091132927923,0.04340550259738113,10,2,False,,full_range_common
BiTFI-TimesFM3-fwd,0.03941916216743526,0.010623045575012792,0.03335537260372234,0.045993082604278895,10,3,False,,full_range_common
TimesFM3.0-COV-SPA,0.04095275068234178,0.010500657750381068,0.035043911823126876,0.04744256246996696,10,4,True,2.0,full_range_common
TimesFM3.0-COV,0.049219470394388065,0.011128906113276318,0.04315131996122255,0.056346962251789964,10,5,False,,full_range_common
SAITS-spatial,0.050939832210072686,0.014916636379461794,0.0425097262656386,0.06001328152163555,10,6,True,3.0,full_range_common
SAITS-matched-local,0.05459940321783839,0.011410293912974606,0.048266345452887556,0.06176876322320867,10,7,False,,full_range_common
TimesFM3.0-MV,0.056353887984234394,0.012274157828391252,0.049622454722890695,0.06407889939555968,10,8,False,,full_range_common
Chronos2,0.05716300496781934,0.012530022172463781,0.050355611869478026,0.06508444050658121,10,9,False,,full_range_common
TimesFM3.0,0.05997948920954045,0.0184136716279849,0.050686329217596755,0.07228578822921375,10,10,False,,full_range_common
AG-LightGBM,0.061135340418098635,0.018507369118062056,0.051621269945416076,0.0733138939231141,10,11,True,4.0,full_range_common
TimesFM2.5,0.061416469665404115,0.018957964691886292,0.05192210808840681,0.07408505678894561,10,12,False,,full_range_common
SAITS,0.06272988039114727,0.015062820922441602,0.05438655186394185,0.07213976920909727,10,13,False,,full_range_common
Spatial-Ridge,0.0664230199077649,0.015383575967560275,0.05812264043714045,0.07623172889060087,10,14,True,5.0,full_range_common
SeasonalNaive,0.06685691388961937,0.01213017957956971,0.06010826067244519,0.07437089272187178,10,15,True,6.0,full_range_common
AG-RandomForest,0.06731903423965574,0.018521304189693968,0.057878365479031704,0.07956081276350567,10,16,False,,full_range_common
AG-DeepAR,0.07200781771742512,0.018189369125240315,0.06285347271237282,0.08410839804573753,10,17,False,,full_range_common
AG-PatchTST,0.07256595534369738,0.01870262298952957,0.06301406649610711,0.08490070990426783,10,18,False,,full_range_common
MOMENT-FT,0.07540028995588867,0.012661928381892123,0.06841150163554192,0.08330343994814052,10,19,True,7.0,full_range_common
MOMENT,0.08328123985257488,0.013273774120373408,0.07603324838099007,0.09161752861503225,10,20,False,,full_range_common
LI,0.12058634272551912,0.02191735781874512,0.10780307802146019,0.13338277568935367,10,21,True,8.0,full_range_common
BiTFI-TimesFM3,0.049256379350222125,0.009081136709658169,0.04421415033687136,0.054861782939575277,10,1,True,1.0,p01_p99_common
BiTFI-Chronos2,0.051853570364611634,0.009499048523324673,0.04644590552534301,0.057560967954955876,10,2,False,,p01_p99_common
BiTFI-TimesFM3-fwd,0.0560618609742076,0.009264708457220997,0.05067619725916014,0.06147564636239705,10,3,False,,p01_p99_common
TimesFM3.0-COV-SPA,0.05805256172157029,0.009133965674231083,0.05277602602124465,0.06344874299761977,10,4,True,2.0,p01_p99_common
TimesFM3.0-COV,0.06860534533332271,0.009981895789304725,0.06292443370430567,0.07469388448462563,10,5,False,,p01_p99_common
SAITS-spatial,0.0718990847045289,0.013340485497021392,0.06432525211824175,0.07997375095883093,10,6,True,3.0,p01_p99_common
SAITS-matched-local,0.07652517041296786,0.010276640734775489,0.07071410042741713,0.08261198723553127,10,7,False,,p01_p99_common
TimesFM3.0-MV,0.07732144219226612,0.010684000107357825,0.07130341535085036,0.08387129966311517,10,8,False,,p01_p99_common
Chronos2,0.07855866019574743,0.011097222967707657,0.07234958088584453,0.08534727279470673,10,9,False,,p01_p99_common
TimesFM3.0,0.08182369897841464,0.01842898527587665,0.07275414134456336,0.09401184484610577,10,10,False,,p01_p99_common
TimesFM2.5,0.08388368317679254,0.018956919294546213,0.07465833703222537,0.09645345280765065,10,11,False,,p01_p99_common
AG-LightGBM,0.08504413825684794,0.018753289386321197,0.07523345492151902,0.09715300922349616,10,12,True,4.0,p01_p99_common
SAITS,0.0871721624144288,0.013554145077586373,0.07964201386280378,0.0953830300768188,10,13,False,,p01_p99_common
Spatial-Ridge,0.09246236069434169,0.014305715077194282,0.0845837323844117,0.10114017304934667,10,14,True,5.0,p01_p99_common
SeasonalNaive,0.09304233970381728,0.010506884721500052,0.08692915635386525,0.09917603236432065,10,15,True,6.0,p01_p99_common
AG-RandomForest,0.0934295517515297,0.01858995380385475,0.0837362817680098,0.10553055328676213,10,16,False,,p01_p99_common
AG-PatchTST,0.097926110981202,0.018354672347743822,0.08871945936660419,0.11008374065289526,10,17,False,,p01_p99_common
AG-DeepAR,0.09855374057966163,0.01846528529202532,0.0890207066069883,0.11043765918045619,10,18,False,,p01_p99_common
MOMENT-FT,0.103227759774175,0.009438219681515812,0.09786002820012696,0.10892066595815106,10,19,True,7.0,p01_p99_common
MOMENT,0.1137582850803303,0.00971181877115474,0.10825834821223115,0.1196308779377875,10,20,False,,p01_p99_common
LI,0.16528308698396696,0.012937715261164103,0.1577929435781634,0.1730479452036892,10,21,True,8.0,p01_p99_common
