model,variable,n_eval,below_lower,above_upper,nonfinite,minimum_prediction,maximum_prediction,zero_truth_occurrences,below_bound_on_zero_truth,below_by_more_than_1,below_by_more_than_5,below_by_more_than_10,pooled_occurrence_violation_fraction,equal_greenhouse_violation_fraction,violation_mean_excess,violation_median_excess,violation_p95_excess,violation_maximum_excess
AG-LightGBM,CO2,80436,5,0,0,-234.73536968231198,4219.575023651123,0,0,5,5,5,6.216122134367697e-05,5.9101654846335695e-05,110.72010993957517,98.60914945602414,208.51929426193232,234.73536968231198
AG-LightGBM,RH,80436,217,1669,0,-1.6184359788894653,113.95263671875,0,0,1,0,0,0.02344721269083495,0.02246087523934833,1.3444433065600692,0.7626056671142578,5.454224348068237,13.95263671875
AG-LightGBM,Rad,51612,13957,0,0,-458.1425415277481,1035.2515108585358,25995,12637,11947,7742,4228,0.2704216073781291,0.2735539470958745,8.513990917484579,5.900416972115636,25.405500207468858,458.1425415277481
AG-LightGBM,Tin,79596,0,0,0,-0.9703664183616639,40.664899826049805,0,0,0,0,0,0.0,0.0,0.0,0.0,0.0,0.0
AG-LightGBM,Tout,53244,0,0,0,-17.0808209143579,37.20209801197051,4476,0,0,0,0,0.0,0.0,0.0,0.0,0.0,0.0
BiTFI-TimesFM3,CO2,80436,0,4,0,179.17864620685577,5706.357955932617,0,0,0,0,0,4.972897707494157e-05,4.728132387706855e-05,397.4660396575928,376.8914222717285,662.9363822937011,706.3579559326172
BiTFI-TimesFM3,RH,80436,0,201,0,20.784828066825867,101.5105128288269,0,0,0,0,0,0.002498881098015814,0.0023788817218103825,0.23984487970076984,0.17753839492797852,0.6391048431396484,1.5105128288269043
BiTFI-TimesFM3,Rad,51612,14385,0,0,-65.96499820798635,1014.880277633667,25995,14110,10981,2144,317,0.2787142524994187,0.2680024718479036,2.8916388156697868,2.2076046392321587,7.589377330429848,65.96499820798635
BiTFI-TimesFM3,Tin,79596,0,0,0,0.4152235984802245,43.96767044067383,0,0,0,0,0,0.0,0.0,0.0,0.0,0.0,0.0
BiTFI-TimesFM3,Tout,53244,0,0,0,-14.437278993427755,39.72568827867507,4476,0,0,0,0,0.0,0.0,0.0,0.0,0.0,0.0
LI,CO2,80436,0,0,0,200.6400000071153,4630.14211654663,0,0,0,0,0,0.0,0.0,0.0,0.0,0.0,0.0
LI,RH,80436,0,0,0,24.42857176065445,100.0,0,0,0,0,0,0.0,0.0,0.0,0.0,0.0,0.0
LI,Rad,51612,0,0,0,0.0,946.9200077652931,25995,0,0,0,0,0.0,0.0,0.0,0.0,0.0,0.0
LI,Tin,79596,0,0,0,2.0059171598404646,42.880001068115234,0,0,0,0,0,0.0,0.0,0.0,0.0,0.0,0.0
LI,Tout,53244,0,0,0,-12.890411064028742,34.000001013278954,4476,0,0,0,0,0.0,0.0,0.0,0.0,0.0,0.0
MOMENT-FT,CO2,80436,0,0,0,111.73561811447145,2976.141262054443,0,0,0,0,0,0.0,0.0,0.0,0.0,0.0,0.0
MOMENT-FT,RH,80436,0,428,0,24.25653636455536,107.16480016708374,0,0,0,0,0,0.005321000547018748,0.005063594450327867,1.2121479923480025,0.8475005626678467,3.5476607084274288,7.16480016708374
MOMENT-FT,Rad,51612,12132,0,0,-203.9350684583187,993.4344007968903,25995,11041,11741,10080,8080,0.23506161357823763,0.23941691634745452,21.5141994875229,16.524356495589018,57.807941062375875,203.9350684583187
MOMENT-FT,Tin,79596,0,0,0,-0.007393479347229115,44.41901683807373,0,0,0,0,0,0.0,0.0,0.0,0.0,0.0,0.0
MOMENT-FT,Tout,53244,0,0,0,-9.169935271143915,34.443226099014275,4476,0,0,0,0,0.0,0.0,0.0,0.0,0.0,0.0
SAITS-spatial,CO2,80436,0,0,0,151.94483250379562,3360.3929519653316,0,0,0,0,0,0.0,0.0,0.0,0.0,0.0,0.0
SAITS-spatial,RH,80436,0,659,0,18.608948588371277,109.5353364944458,0,0,0,0,0,0.008192848973096623,0.007791844506487811,1.0167385269188194,0.7100343704223633,2.8406310081481942,9.5353364944458
SAITS-spatial,Rad,51612,23255,0,0,-40.07665967941284,1057.4096111059189,25995,21067,21503,11513,2739,0.45057351003642565,0.4477625635385335,5.586292758982925,4.954409345053136,12.450730843190103,40.07665967941284
SAITS-spatial,Tin,79596,0,0,0,2.886141151189804,41.1549129486084,0,0,0,0,0,0.0,0.0,0.0,0.0,0.0,0.0
SAITS-spatial,Tout,53244,0,0,0,-13.832322772592308,31.581182360649102,4476,0,0,0,0,0.0,0.0,0.0,0.0,0.0,0.0
SeasonalNaive,CO2,80436,0,0,0,200.0,4782.000064849853,0,0,0,0,0,0.0,0.0,0.0,0.0,0.0,0.0
SeasonalNaive,RH,80436,0,0,0,18.000000715255737,100.0,0,0,0,0,0,0.0,0.0,0.0,0.0,0.0,0.0
SeasonalNaive,Rad,51612,0,0,0,0.0,1109.000028371811,25995,0,0,0,0,0.0,0.0,0.0,0.0,0.0,0.0
SeasonalNaive,Tin,79596,0,0,0,2.0,43.000000953674316,0,0,0,0,0,0.0,0.0,0.0,0.0,0.0,0.0
SeasonalNaive,Tout,53244,0,0,0,-13.00000022351742,34.99999982118606,4476,0,0,0,0,0.0,0.0,0.0,0.0,0.0,0.0
Spatial-Ridge,CO2,80436,0,0,0,245.50085961818695,1333.7732553482056,0,0,0,0,0,0.0,0.0,0.0,0.0,0.0,0.0
Spatial-Ridge,RH,80436,0,173,0,33.041080832481384,101.15134716033936,0,0,0,0,0,0.0021507782584912227,0.002048661253917825,0.4574976904543838,0.42138099670410156,1.1513471603393555,1.1513471603393555
Spatial-Ridge,Rad,51612,0,0,0,1.8058503866195679,988.4455958604813,25995,0,0,0,0,0.0,0.0,0.0,0.0,0.0,0.0
Spatial-Ridge,Tin,79596,0,0,0,-0.6196384429931642,33.162668228149414,0,0,0,0,0,0.0,0.0,0.0,0.0,0.0,0.0
Spatial-Ridge,Tout,53244,0,0,0,-13.792683236300947,34.69750523567199,4476,0,0,0,0,0.0,0.0,0.0,0.0,0.0,0.0
TimesFM3.0-COV-SPA,CO2,80436,0,0,0,189.12736177444458,4807.551002502441,0,0,0,0,0,0.0,0.0,0.0,0.0,0.0,0.0
TimesFM3.0-COV-SPA,RH,80436,0,388,0,21.348461508750916,101.4448881149292,0,0,0,0,0,0.004823710776269332,0.004587786014569494,0.26807161336092605,0.1689314842224121,0.8961850404739377,1.4448881149291992
TimesFM3.0-COV-SPA,Rad,51612,14738,0,0,-35.126570243388414,995.8695960044861,25995,14355,11953,3039,352,0.28555374719057586,0.27987543108631974,3.251247873304917,2.6509722671471536,8.182406836608424,35.126570243388414
TimesFM3.0-COV-SPA,Tin,79596,0,0,0,0.8936509191989898,42.94389629364014,0,0,0,0,0,0.0,0.0,0.0,0.0,0.0,0.0
TimesFM3.0-COV-SPA,Tout,53244,0,0,0,-14.544206231832506,34.615719676017754,4476,0,0,0,0,0.0,0.0,0.0,0.0,0.0,0.0
