variable,target_crop,slots,same_crop_slots,same_crop_fraction
CO2,strawberry,900,300,0.3333333333333333
CO2,sweet pepper,1176,543,0.461734693877551
CO2,tomato,2250,2230,0.9911111111111112
RH,strawberry,900,449,0.4988888888888889
RH,sweet pepper,1176,542,0.4608843537414966
RH,tomato,2250,1496,0.6648888888888889
Rad,strawberry,600,103,0.17166666666666666
Rad,sweet pepper,708,336,0.4745762711864407
Rad,tomato,1500,766,0.5106666666666667
Tin,strawberry,900,152,0.1688888888888889
Tin,sweet pepper,1161,447,0.3850129198966408
Tin,tomato,2250,1413,0.628
Tout,strawberry,600,100,0.16666666666666666
Tout,sweet pepper,744,348,0.46774193548387094
Tout,tomato,1500,761,0.5073333333333333
