variable,reference,reference_crop,rank,slots,share
all,PF_0020209_01,tomato,1,3389,0.18205748052645715
all,PF_0010055_01,tomato,2,3363,0.1806607574536664
all,PF_0020669_01,tomato,3,3039,0.16325543916196616
all,PF_0024695_01,sweet pepper,4,3001,0.16121407467096427
all,PF_0000021_01,sweet pepper,5,1399,0.07515444533977975
all,PF_0024696_01,tomato,6,793,0.042600053720118186
all,PF_0024700_01,strawberry,7,644,0.03459575611066344
all,PF_0001403_01,sweet pepper,8,628,0.033736234219715285
all,PF_0024654_01,strawberry,9,532,0.028579102874026322
all,PF_0023732_01,strawberry,10,502,0.026967499328498522
all,PF_0025104_01,tomato,11,495,0.0265914585012087
all,PF_0023621_01,strawberry,12,435,0.023368251410153102
all,PF_0021351_01,strawberry,13,300,0.016116035455278
all,PF_0024647_01,sweet pepper,14,95,0.0051034112275047
CO2,PF_0010055_01,tomato,1,1185,0.2739251040221914
CO2,PF_0024696_01,tomato,2,704,0.16273693943596856
CO2,PF_0020669_01,tomato,3,697,0.16111881645862228
CO2,PF_0020209_01,tomato,4,674,0.1558021266759131
CO2,PF_0024695_01,sweet pepper,5,407,0.09408229311141933
CO2,PF_0000021_01,sweet pepper,6,158,0.036523347202958856
CO2,PF_0024654_01,strawberry,7,152,0.03513638465094776
CO2,PF_0024700_01,strawberry,8,150,0.03467406380027739
CO2,PF_0001403_01,sweet pepper,9,147,0.03398058252427184
CO2,PF_0025104_01,tomato,10,51,0.011789181692094313
CO2,PF_0023621_01,strawberry,11,1,0.0002311604253351826
RH,PF_0020209_01,tomato,1,993,0.22954230235783635
RH,PF_0024695_01,sweet pepper,2,747,0.17267683772538142
RH,PF_0020669_01,tomato,3,706,0.16319926028663892
RH,PF_0021351_01,strawberry,4,300,0.06934812760055478
RH,PF_0010055_01,tomato,5,296,0.06842348589921406
RH,PF_0023732_01,strawberry,6,295,0.06819232547387888
RH,PF_0024654_01,strawberry,7,285,0.06588072122052704
RH,PF_0024700_01,strawberry,8,158,0.036523347202958856
RH,PF_0023621_01,strawberry,9,149,0.03444290337494221
RH,PF_0025104_01,tomato,10,148,0.03421174294960703
RH,PF_0001403_01,sweet pepper,11,138,0.0319001386962552
RH,PF_0024647_01,sweet pepper,12,95,0.021960240406842347
RH,PF_0000021_01,sweet pepper,13,16,0.0036985668053629217
Rad,PF_0020669_01,tomato,1,619,0.22044159544159544
Rad,PF_0024695_01,sweet pepper,2,597,0.2126068376068376
Rad,PF_0020209_01,tomato,3,339,0.12072649572649573
Rad,PF_0000021_01,sweet pepper,4,339,0.12072649572649573
Rad,PF_0010055_01,tomato,5,284,0.10113960113960115
Rad,PF_0024700_01,strawberry,6,224,0.07977207977207977
Rad,PF_0025104_01,tomato,7,198,0.07051282051282051
Rad,PF_0023732_01,strawberry,8,107,0.038105413105413107
Rad,PF_0001403_01,sweet pepper,9,98,0.0349002849002849
Rad,PF_0023621_01,strawberry,10,3,0.0010683760683760685
Tin,PF_0020209_01,tomato,1,1062,0.24634655532359082
Tin,PF_0010055_01,tomato,2,900,0.20876826722338204
Tin,PF_0024695_01,sweet pepper,3,750,0.17397355601948503
Tin,PF_0020669_01,tomato,4,577,0.13384365576432383
Tin,PF_0000021_01,sweet pepper,5,407,0.09440964973324055
Tin,PF_0023621_01,strawberry,6,280,0.06495012758060775
Tin,PF_0001403_01,sweet pepper,7,147,0.03409881697981907
Tin,PF_0024654_01,strawberry,8,95,0.02203665042913477
Tin,PF_0024696_01,tomato,9,89,0.020644861980978892
Tin,PF_0024700_01,strawberry,10,4,0.0009278589654372535
Tout,PF_0010055_01,tomato,1,698,0.24542897327707455
Tout,PF_0024695_01,sweet pepper,2,500,0.17580872011251758
Tout,PF_0000021_01,sweet pepper,3,479,0.16842475386779185
Tout,PF_0020669_01,tomato,4,440,0.15471167369901548
Tout,PF_0020209_01,tomato,5,321,0.11286919831223628
Tout,PF_0024700_01,strawberry,6,108,0.0379746835443038
Tout,PF_0023732_01,strawberry,7,100,0.035161744022503515
Tout,PF_0001403_01,sweet pepper,8,98,0.034458509142053444
Tout,PF_0025104_01,tomato,9,98,0.034458509142053444
Tout,PF_0023621_01,strawberry,10,2,0.0007032348804500703
